G90
M82
M106 S0
M140 S60
M190 S60
M104 S210 T0
M109 S210 T0
G92 A0 ; zero extruder
G28 ; home all axes
G1 Z0.4 ; position nozzle
G1 X10 Y10 ; prepare to extrude
G1 X210 Y10 E12.5 F800; Extrude line
M73 P1 ;@body (notify GPX body has started)
; process Process1
; layer 1, Z = 0.196
T0
G92 E0.0000

; --- Generated toolpaths: gen_label2_flange_area1.0.gcode ---
; feedrate=800, z_height=0.4, E_per_mm=0.06

; polyline 1
G1 X95.399 Y99.520 Z0.400 F800
G1 X95.389 Y99.090 Z0.400 E0.02581 F800
G1 X95.119 Y99.010 Z0.400 E0.04270 F800
G1 X95.189 Y98.530 Z0.400 E0.07181 F800
G1 X95.489 Y98.600 Z0.400 E0.09029 F800
G1 X95.579 Y98.130 Z0.400 E0.11900 F800
G1 X95.819 Y97.740 Z0.400 E0.14648 F800
G1 X95.589 Y97.580 Z0.400 E0.16329 F800
G1 X96.109 Y97.340 Z0.400 E0.19765 F800
G1 X96.089 Y96.820 Z0.400 E0.22888 F800
G1 X96.369 Y97.030 Z0.400 E0.24988 F800
G1 X96.489 Y96.370 Z0.400 E0.29013 F800
G1 X96.739 Y96.610 Z0.400 E0.31092 F800
G1 X96.749 Y96.580 Z0.400 E0.31282 F800
G1 X96.899 Y96.420 Z0.400 E0.32597 F800
G1 X96.679 Y96.170 Z0.400 E0.34596 F800
G1 X97.039 Y95.850 Z0.400 E0.37486 F800
G1 X97.259 Y96.150 Z0.400 E0.39718 F800
G1 X97.109 Y95.930 Z0.400 E0.41315 F800
G1 X97.259 Y96.120 Z0.400 E0.42768 F800
G1 X97.449 Y95.630 Z0.400 E0.45921 F800
G1 X97.639 Y95.890 Z0.400 E0.47853 F800
G1 X97.459 Y95.570 Z0.400 E0.50056 F800
G1 X97.479 Y95.600 Z0.400 E0.50272 F800
G1 X97.489 Y95.610 Z0.400 E0.50357 F800
G1 X97.629 Y95.810 Z0.400 E0.51822 F800
G1 X97.499 Y95.560 Z0.400 E0.53513 F800
G1 X97.909 Y95.380 Z0.400 E0.56199 F800
G1 X98.069 Y95.670 Z0.400 E0.58187 F800
G1 X97.949 Y95.340 Z0.400 E0.60294 F800
G1 X98.479 Y95.380 Z0.400 E0.63483 F800
G1 X98.919 Y94.980 Z0.400 E0.67050 F800
G1 X98.999 Y95.330 Z0.400 E0.69205 F800
G1 X99.339 Y95.050 Z0.400 E0.71847 F800
G1 X99.469 Y95.320 Z0.400 E0.73645 F800
G1 X99.439 Y95.050 Z0.400 E0.75275 F800
G1 X99.909 Y94.970 Z0.400 E0.78136 F800
G1 X99.949 Y95.260 Z0.400 E0.79892 F800
G1 X100.369 Y95.220 Z0.400 E0.82424 F800
G1 X100.879 Y95.030 Z0.400 E0.85689 F800
G1 X100.859 Y95.350 Z0.400 E0.87613 F800
G1 X101.379 Y95.170 Z0.400 E0.90915 F800
G1 X101.299 Y95.460 Z0.400 E0.92720 F800
G1 X101.839 Y95.340 Z0.400 E0.96039 F800
G1 X101.739 Y95.620 Z0.400 E0.97822 F800
G1 X101.849 Y95.370 Z0.400 E0.99461 F800
G1 X101.859 Y95.350 Z0.400 E0.99595 F800
G1 X101.889 Y95.330 Z0.400 E0.99812 F800
G1 X102.119 Y95.440 Z0.400 E1.01341 F800
G1 X101.989 Y95.730 Z0.400 E1.03248 F800
G1 X102.129 Y95.470 Z0.400 E1.05020 F800
G1 X102.549 Y95.660 Z0.400 E1.07786 F800
G1 X102.399 Y95.930 Z0.400 E1.09639 F800
G1 X102.389 Y95.960 Z0.400 E1.09829 F800
G1 X102.609 Y95.670 Z0.400 E1.12013 F800
G1 X102.989 Y95.970 Z0.400 E1.14918 F800
G1 X102.809 Y96.240 Z0.400 E1.16865 F800
G1 X103.149 Y96.500 Z0.400 E1.19433 F800
G1 X103.389 Y96.260 Z0.400 E1.21469 F800
G1 X103.389 Y96.290 Z0.400 E1.21649 F800
G1 X103.719 Y96.590 Z0.400 E1.24325 F800
G1 X103.489 Y96.860 Z0.400 E1.26453 F800
G1 X103.999 Y97.050 Z0.400 E1.29719 F800
G1 X103.799 Y97.220 Z0.400 E1.31294 F800
G1 X103.769 Y97.270 Z0.400 E1.31644 F800
G1 X104.339 Y97.460 Z0.400 E1.35249 F800
G1 X104.329 Y97.480 Z0.400 E1.35383 F800
G1 X104.029 Y97.660 Z0.400 E1.37482 F800
G1 X104.559 Y98.030 Z0.400 E1.41360 F800
G1 X104.299 Y98.190 Z0.400 E1.43192 F800
G1 X104.519 Y98.760 Z0.400 E1.46858 F800
G1 X104.519 Y99.200 Z0.400 E1.49498 F800
G1 X104.889 Y99.180 Z0.400 E1.51721 F800
G1 X104.959 Y99.640 Z0.400 E1.54513 F800
G1 X104.639 Y99.670 Z0.400 E1.56441 F800
G1 X104.729 Y100.150 Z0.400 E1.59371 F800
G1 X104.889 Y100.610 Z0.400 E1.62294 F800
G1 X104.589 Y100.620 Z0.400 E1.64095 F800
G1 X104.559 Y101.110 Z0.400 E1.67040 F800
G1 X104.409 Y101.590 Z0.400 E1.70057 F800
G1 X104.099 Y101.990 Z0.400 E1.73094 F800
G1 X103.899 Y102.390 Z0.400 E1.75777 F800
G1 X104.099 Y102.570 Z0.400 E1.77392 F800
G1 X103.869 Y102.970 Z0.400 E1.80160 F800
G1 X103.619 Y102.800 Z0.400 E1.81974 F800
G1 X103.569 Y103.340 Z0.400 E1.85228 F800
G1 X103.269 Y103.120 Z0.400 E1.87460 F800
G1 X103.219 Y103.660 Z0.400 E1.90714 F800
G1 X102.979 Y103.440 Z0.400 E1.92667 F800
G1 X102.799 Y103.990 Z0.400 E1.96140 F800
G1 X102.589 Y103.760 Z0.400 E1.98008 F800
G1 X102.389 Y103.850 Z0.400 E1.99324 F800
G1 X102.559 Y104.160 Z0.400 E2.01445 F800
G1 X102.539 Y104.150 Z0.400 E2.01580 F800
G1 X101.989 Y104.100 Z0.400 E2.04893 F800
G1 X102.119 Y104.400 Z0.400 E2.06855 F800
G1 X101.559 Y104.260 Z0.400 E2.10318 F800
G1 X101.669 Y104.570 Z0.400 E2.12292 F800
G1 X101.659 Y104.590 Z0.400 E2.12426 F800
G1 X101.109 Y104.440 Z0.400 E2.15847 F800
G1 X101.169 Y104.720 Z0.400 E2.17565 F800
G1 X101.089 Y104.420 Z0.400 E2.19428 F800
G1 X100.679 Y104.820 Z0.400 E2.22864 F800
G1 X100.619 Y104.510 Z0.400 E2.24759 F800
G1 X100.179 Y104.860 Z0.400 E2.28132 F800
G1 X100.179 Y104.870 Z0.400 E2.28192 F800
G1 X100.139 Y104.510 Z0.400 E2.30366 F800
G1 X99.699 Y104.560 Z0.400 E2.33023 F800
G1 X99.679 Y104.850 Z0.400 E2.34767 F800
G1 X99.669 Y104.870 Z0.400 E2.34901 F800
G1 X99.679 Y104.570 Z0.400 E2.36702 F800
G1 X99.149 Y104.810 Z0.400 E2.40193 F800
G1 X99.149 Y104.800 Z0.400 E2.40253 F800
G1 X99.149 Y104.760 Z0.400 E2.40493 F800
G1 X99.179 Y104.480 Z0.400 E2.42182 F800
G1 X98.689 Y104.680 Z0.400 E2.45358 F800
G1 X98.749 Y104.380 Z0.400 E2.47194 F800
G1 X98.659 Y104.700 Z0.400 E2.49188 F800
G1 X98.659 Y104.690 Z0.400 E2.49248 F800
G1 X98.209 Y104.560 Z0.400 E2.52058 F800
G1 X98.329 Y104.210 Z0.400 E2.54278 F800
G1 X98.189 Y104.560 Z0.400 E2.56540 F800
G1 X97.889 Y104.020 Z0.400 E2.60247 F800
G1 X97.709 Y104.330 Z0.400 E2.62397 F800
G1 X97.499 Y103.820 Z0.400 E2.65707 F800
G1 X97.329 Y104.060 Z0.400 E2.67471 F800
G1 X97.259 Y104.090 Z0.400 E2.67928 F800
G1 X97.449 Y103.760 Z0.400 E2.70213 F800
G1 X96.879 Y103.780 Z0.400 E2.73635 F800
G1 X97.059 Y103.510 Z0.400 E2.75582 F800
G1 X97.039 Y103.520 Z0.400 E2.75716 F800
G1 X96.849 Y103.740 Z0.400 E2.77460 F800
G1 X96.539 Y103.460 Z0.400 E2.79967 F800
G1 X96.699 Y103.200 Z0.400 E2.81799 F800
G1 X96.549 Y103.060 Z0.400 E2.83030 F800
G1 X96.349 Y103.220 Z0.400 E2.84566 F800
G1 X96.329 Y103.230 Z0.400 E2.84701 F800
G1 X96.039 Y102.910 Z0.400 E2.87292 F800
G1 X96.249 Y102.650 Z0.400 E2.89297 F800
G1 X96.009 Y102.290 Z0.400 E2.91893 F800
G1 X95.699 Y102.470 Z0.400 E2.94044 F800
G1 X96.009 Y102.280 Z0.400 E2.96225 F800
G1 X95.479 Y102.010 Z0.400 E2.99794 F800
G1 X95.759 Y101.870 Z0.400 E3.01673 F800
G1 X95.429 Y101.490 Z0.400 E3.04692 F800
G1 X95.469 Y100.950 Z0.400 E3.07941 F800
G1 X95.079 Y100.520 Z0.400 E3.11424 F800
G1 X95.379 Y100.480 Z0.400 E3.13240 F800
G1 X95.339 Y100.040 Z0.400 E3.15891 F800
G1 X95.399 Y99.520 Z0.400 E3.19032 F800

; polyline 2
G1 X94.819 Y99.530 Z0.400 F800
G1 X94.659 Y98.940 Z0.400 E3.22700 F800
G1 X94.849 Y98.450 Z0.400 E3.25853 F800
G1 X95.059 Y97.950 Z0.400 E3.29107 F800
G1 X95.119 Y97.320 Z0.400 E3.32904 F800
G1 X95.709 Y97.050 Z0.400 E3.36797 F800
G1 X95.859 Y96.550 Z0.400 E3.39929 F800
G1 X96.299 Y96.150 Z0.400 E3.43497 F800
G1 X96.469 Y95.910 Z0.400 E3.45262 F800
G1 X96.299 Y95.700 Z0.400 E3.46883 F800
G1 X96.849 Y95.630 Z0.400 E3.50209 F800
G1 X96.859 Y95.600 Z0.400 E3.50399 F800
G1 X96.869 Y95.590 Z0.400 E3.50484 F800
G1 X96.739 Y95.370 Z0.400 E3.52017 F800
G1 X97.339 Y95.360 Z0.400 E3.55618 F800
G1 X97.179 Y95.080 Z0.400 E3.57553 F800
G1 X97.819 Y95.100 Z0.400 E3.61394 F800
G1 X98.339 Y94.860 Z0.400 E3.64831 F800
G1 X98.829 Y94.760 Z0.400 E3.67831 F800
G1 X99.319 Y94.660 Z0.400 E3.70832 F800
G1 X99.369 Y94.670 Z0.400 E3.71138 F800
G1 X99.889 Y94.580 Z0.400 E3.74304 F800
G1 X100.409 Y94.740 Z0.400 E3.77569 F800
G1 X101.019 Y94.410 Z0.400 E3.81730 F800
G1 X100.969 Y94.720 Z0.400 E3.83614 F800
G1 X100.969 Y94.750 Z0.400 E3.83794 F800
G1 X101.599 Y94.550 Z0.400 E3.87760 F800
G1 X101.499 Y94.900 Z0.400 E3.89944 F800
G1 X101.989 Y95.010 Z0.400 E3.92957 F800
G1 X102.019 Y95.000 Z0.400 E3.93147 F800
G1 X102.019 Y95.030 Z0.400 E3.93327 F800
G1 X102.289 Y95.110 Z0.400 E3.95016 F800
G1 X102.409 Y94.870 Z0.400 E3.96626 F800
G1 X102.279 Y95.150 Z0.400 E3.98479 F800
G1 X102.729 Y95.410 Z0.400 E4.01597 F800
G1 X102.789 Y95.400 Z0.400 E4.01962 F800
G1 X103.179 Y95.680 Z0.400 E4.04842 F800
G1 X103.209 Y95.680 Z0.400 E4.05022 F800
G1 X103.589 Y96.040 Z0.400 E4.08163 F800
G1 X103.599 Y96.090 Z0.400 E4.08469 F800
G1 X103.619 Y96.080 Z0.400 E4.08603 F800
G1 X104.199 Y96.240 Z0.400 E4.12213 F800
G1 X103.959 Y96.450 Z0.400 E4.14127 F800
G1 X104.299 Y96.870 Z0.400 E4.17369 F800
G1 X104.639 Y97.380 Z0.400 E4.21046 F800
G1 X104.929 Y98.010 Z0.400 E4.25208 F800
G1 X104.999 Y98.580 Z0.400 E4.28653 F800
G1 X105.229 Y99.110 Z0.400 E4.32120 F800
G1 X105.279 Y99.670 Z0.400 E4.35493 F800
G1 X105.249 Y100.200 Z0.400 E4.38678 F800
G1 X105.219 Y100.740 Z0.400 E4.41923 F800
G1 X105.089 Y101.240 Z0.400 E4.45023 F800
G1 X105.059 Y101.790 Z0.400 E4.48328 F800
G1 X104.609 Y102.200 Z0.400 E4.51981 F800
G1 X104.419 Y102.740 Z0.400 E4.55415 F800
G1 X104.209 Y103.150 Z0.400 E4.58179 F800
G1 X103.809 Y103.600 Z0.400 E4.61792 F800
G1 X103.419 Y103.930 Z0.400 E4.64857 F800
G1 X103.409 Y103.930 Z0.400 E4.64917 F800
G1 X103.389 Y103.920 Z0.400 E4.65051 F800
G1 X103.409 Y103.950 Z0.400 E4.65268 F800
G1 X102.989 Y104.240 Z0.400 E4.68330 F800
G1 X102.879 Y104.680 Z0.400 E4.71051 F800
G1 X102.729 Y104.440 Z0.400 E4.72749 F800
G1 X102.719 Y104.450 Z0.400 E4.72834 F800
G1 X102.259 Y104.710 Z0.400 E4.76004 F800
G1 X101.779 Y104.880 Z0.400 E4.79060 F800
G1 X101.739 Y104.870 Z0.400 E4.79307 F800
G1 X101.269 Y105.050 Z0.400 E4.82327 F800
G1 X101.259 Y105.080 Z0.400 E4.82517 F800
G1 X101.289 Y105.330 Z0.400 E4.84027 F800
G1 X101.219 Y105.050 Z0.400 E4.85759 F800
G1 X100.749 Y105.140 Z0.400 E4.88630 F800
G1 X100.739 Y105.100 Z0.400 E4.88878 F800
G1 X100.749 Y105.440 Z0.400 E4.90919 F800
G1 X100.709 Y105.160 Z0.400 E4.92616 F800
G1 X100.689 Y105.120 Z0.400 E4.92884 F800
G1 X100.199 Y105.190 Z0.400 E4.95854 F800
G1 X99.649 Y105.160 Z0.400 E4.99159 F800
G1 X99.119 Y105.120 Z0.400 E5.02348 F800
G1 X98.579 Y105.020 Z0.400 E5.05643 F800
G1 X98.089 Y104.840 Z0.400 E5.08775 F800
G1 X98.059 Y104.860 Z0.400 E5.08991 F800
G1 X98.049 Y104.840 Z0.400 E5.09125 F800
G1 X97.589 Y104.600 Z0.400 E5.12239 F800
G1 X97.569 Y104.630 Z0.400 E5.12455 F800
G1 X97.539 Y104.600 Z0.400 E5.12709 F800
G1 X97.099 Y104.390 Z0.400 E5.15635 F800
G1 X96.959 Y104.600 Z0.400 E5.17149 F800
G1 X96.949 Y104.600 Z0.400 E5.17209 F800
G1 X97.119 Y104.330 Z0.400 E5.19123 F800
G1 X97.129 Y104.310 Z0.400 E5.19258 F800
G1 X97.109 Y104.340 Z0.400 E5.19474 F800
G1 X96.509 Y104.280 Z0.400 E5.23092 F800
G1 X96.689 Y104.020 Z0.400 E5.24989 F800
G1 X96.669 Y104.010 Z0.400 E5.25123 F800
G1 X96.289 Y103.680 Z0.400 E5.28143 F800
G1 X96.079 Y103.470 Z0.400 E5.29925 F800
G1 X95.729 Y103.070 Z0.400 E5.33114 F800
G1 X95.489 Y103.230 Z0.400 E5.34845 F800
G1 X95.469 Y102.630 Z0.400 E5.38447 F800
G1 X95.169 Y102.740 Z0.400 E5.40364 F800
G1 X95.159 Y102.130 Z0.400 E5.44024 F800
G1 X95.169 Y102.080 Z0.400 E5.44330 F800
G1 X94.719 Y101.710 Z0.400 E5.47826 F800
G1 X95.019 Y101.080 Z0.400 E5.52013 F800
G1 X94.809 Y100.590 Z0.400 E5.55211 F800
G1 X94.869 Y100.030 Z0.400 E5.58590 F800
G1 X94.819 Y99.530 Z0.400 E5.61605 F800

; polyline 3
G1 X94.069 Y99.450 Z0.400 F800
G1 X94.369 Y99.470 Z0.400 E5.63409 F800
G1 X94.189 Y98.890 Z0.400 E5.67053 F800
G1 X94.549 Y98.350 Z0.400 E5.70947 F800
G1 X94.259 Y98.230 Z0.400 E5.72830 F800
G1 X94.579 Y97.700 Z0.400 E5.76545 F800
G1 X94.689 Y97.120 Z0.400 E5.80087 F800
G1 X95.249 Y96.780 Z0.400 E5.84018 F800
G1 X95.599 Y96.390 Z0.400 E5.87162 F800
G1 X95.379 Y96.150 Z0.400 E5.89115 F800
G1 X95.979 Y95.930 Z0.400 E5.92950 F800
G1 X95.759 Y95.680 Z0.400 E5.94948 F800
G1 X95.779 Y95.650 Z0.400 E5.95164 F800
G1 X95.819 Y95.680 Z0.400 E5.95464 F800
G1 X96.219 Y95.670 Z0.400 E5.97865 F800
G1 X96.029 Y95.430 Z0.400 E5.99701 F800
G1 X96.039 Y95.440 Z0.400 E5.99786 F800
G1 X96.029 Y95.420 Z0.400 E5.99920 F800
G1 X96.459 Y95.080 Z0.400 E6.03210 F800
G1 X96.669 Y95.360 Z0.400 E6.05310 F800
G1 X96.479 Y95.060 Z0.400 E6.07440 F800
G1 X96.519 Y95.060 Z0.400 E6.07680 F800
G1 X96.509 Y95.040 Z0.400 E6.07814 F800
G1 X97.129 Y95.010 Z0.400 E6.11539 F800
G1 X97.159 Y95.050 Z0.400 E6.11839 F800
G1 X97.009 Y94.760 Z0.400 E6.13798 F800
G1 X97.149 Y95.000 Z0.400 E6.15465 F800
G1 X96.999 Y94.730 Z0.400 E6.17318 F800
G1 X96.999 Y94.720 Z0.400 E6.17378 F800
G1 X97.039 Y94.740 Z0.400 E6.17646 F800
G1 X97.659 Y94.770 Z0.400 E6.21371 F800
G1 X97.549 Y94.460 Z0.400 E6.23344 F800
G1 X98.199 Y94.480 Z0.400 E6.27246 F800
G1 X98.679 Y94.100 Z0.400 E6.30919 F800
G1 X98.779 Y94.400 Z0.400 E6.32817 F800
G1 X98.759 Y94.060 Z0.400 E6.34860 F800
G1 X99.269 Y93.980 Z0.400 E6.37958 F800
G1 X99.329 Y94.320 Z0.400 E6.40029 F800
G1 X99.919 Y93.980 Z0.400 E6.44115 F800
G1 X99.929 Y94.270 Z0.400 E6.45856 F800
G1 X99.929 Y93.930 Z0.400 E6.47896 F800
G1 X100.439 Y94.290 Z0.400 E6.51642 F800
G1 X100.509 Y93.940 Z0.400 E6.53783 F800
G1 X101.119 Y94.110 Z0.400 E6.57583 F800
G1 X101.609 Y94.440 Z0.400 E6.61127 F800
G1 X101.669 Y94.250 Z0.400 E6.62323 F800
G1 X101.689 Y94.250 Z0.400 E6.62443 F800
G1 X102.229 Y94.370 Z0.400 E6.65762 F800
G1 X102.119 Y94.680 Z0.400 E6.67735 F800
G1 X102.239 Y94.400 Z0.400 E6.69563 F800
G1 X102.249 Y94.410 Z0.400 E6.69648 F800
G1 X102.259 Y94.400 Z0.400 E6.69733 F800
G1 X102.249 Y94.430 Z0.400 E6.69923 F800
G1 X102.539 Y94.540 Z0.400 E6.71784 F800
G1 X102.409 Y94.830 Z0.400 E6.73690 F800
G1 X102.569 Y94.520 Z0.400 E6.75783 F800
G1 X102.569 Y94.570 Z0.400 E6.76083 F800
G1 X102.579 Y94.550 Z0.400 E6.76218 F800
G1 X102.569 Y94.580 Z0.400 E6.76407 F800
G1 X102.589 Y94.560 Z0.400 E6.76577 F800
G1 X103.069 Y94.830 Z0.400 E6.79881 F800
G1 X102.899 Y95.110 Z0.400 E6.81847 F800
G1 X103.079 Y94.840 Z0.400 E6.83794 F800
G1 X102.939 Y95.110 Z0.400 E6.85619 F800
G1 X103.549 Y95.160 Z0.400 E6.89291 F800
G1 X103.359 Y95.420 Z0.400 E6.91223 F800
G1 X103.589 Y95.180 Z0.400 E6.93218 F800
G1 X103.809 Y95.820 Z0.400 E6.97278 F800
G1 X104.019 Y95.600 Z0.400 E6.99103 F800
G1 X104.199 Y96.180 Z0.400 E7.02747 F800
G1 X104.469 Y95.980 Z0.400 E7.04763 F800
G1 X104.469 Y96.030 Z0.400 E7.05063 F800
G1 X104.849 Y96.500 Z0.400 E7.08689 F800
G1 X104.579 Y96.690 Z0.400 E7.10670 F800
G1 X104.599 Y96.700 Z0.400 E7.10804 F800
G1 X104.909 Y97.130 Z0.400 E7.13985 F800
G1 X105.139 Y97.010 Z0.400 E7.15541 F800
G1 X105.409 Y97.520 Z0.400 E7.19004 F800
G1 X105.129 Y97.710 Z0.400 E7.21034 F800
G1 X105.359 Y97.900 Z0.400 E7.22824 F800
G1 X105.669 Y98.430 Z0.400 E7.26508 F800
G1 X105.439 Y98.500 Z0.400 E7.27950 F800
G1 X105.879 Y98.990 Z0.400 E7.31902 F800
G1 X105.529 Y99.050 Z0.400 E7.34032 F800
G1 X105.599 Y99.610 Z0.400 E7.37419 F800
G1 X105.919 Y99.600 Z0.400 E7.39339 F800
G1 X105.799 Y100.210 Z0.400 E7.43070 F800
G1 X105.809 Y100.790 Z0.400 E7.46550 F800
G1 X105.509 Y100.750 Z0.400 E7.48366 F800
G1 X105.629 Y101.380 Z0.400 E7.52214 F800
G1 X105.009 Y102.360 Z0.400 E7.59172 F800
G1 X105.319 Y102.550 Z0.400 E7.61354 F800
G1 X105.059 Y103.080 Z0.400 E7.64896 F800
G1 X104.739 Y102.890 Z0.400 E7.67129 F800
G1 X105.009 Y103.060 Z0.400 E7.69043 F800
G1 X104.669 Y103.590 Z0.400 E7.72821 F800
G1 X104.389 Y103.380 Z0.400 E7.74921 F800
G1 X104.299 Y104.040 Z0.400 E7.78918 F800
G1 X104.299 Y104.050 Z0.400 E7.78978 F800
G1 X104.029 Y103.830 Z0.400 E7.81067 F800
G1 X104.029 Y103.840 Z0.400 E7.81127 F800
G1 X104.029 Y103.850 Z0.400 E7.81187 F800
G1 X103.849 Y104.450 Z0.400 E7.84946 F800
G1 X103.619 Y104.180 Z0.400 E7.87074 F800
G1 X103.839 Y104.450 Z0.400 E7.89164 F800
G1 X103.829 Y104.440 Z0.400 E7.89248 F800
G1 X103.839 Y104.460 Z0.400 E7.89383 F800
G1 X103.609 Y104.190 Z0.400 E7.91511 F800
G1 X103.829 Y104.450 Z0.400 E7.93554 F800
G1 X103.849 Y104.480 Z0.400 E7.93771 F800
G1 X103.619 Y104.210 Z0.400 E7.95899 F800
G1 X103.829 Y104.460 Z0.400 E7.97858 F800
G1 X103.609 Y104.200 Z0.400 E7.99901 F800
G1 X103.819 Y104.450 Z0.400 E8.01860 F800
G1 X103.829 Y104.470 Z0.400 E8.01994 F800
G1 X103.819 Y104.460 Z0.400 E8.02079 F800
G1 X103.809 Y104.450 Z0.400 E8.02164 F800
G1 X103.829 Y104.480 Z0.400 E8.02380 F800
G1 X103.609 Y104.220 Z0.400 E8.04424 F800
G1 X103.819 Y104.470 Z0.400 E8.06383 F800
G1 X103.809 Y104.460 Z0.400 E8.06468 F800
G1 X103.589 Y104.200 Z0.400 E8.08511 F800
G1 X103.819 Y104.480 Z0.400 E8.10685 F800
G1 X103.809 Y104.470 Z0.400 E8.10770 F800
G1 X103.799 Y104.460 Z0.400 E8.10855 F800
G1 X103.809 Y104.480 Z0.400 E8.10989 F800
G1 X103.599 Y104.230 Z0.400 E8.12948 F800
G1 X103.809 Y104.490 Z0.400 E8.14953 F800
G1 X103.359 Y104.770 Z0.400 E8.18133 F800
G1 X103.389 Y104.820 Z0.400 E8.18483 F800
G1 X103.369 Y104.800 Z0.400 E8.18653 F800
G1 X103.179 Y104.540 Z0.400 E8.20585 F800
G1 X103.189 Y104.560 Z0.400 E8.20719 F800
G1 X103.349 Y104.820 Z0.400 E8.22551 F800
G1 X103.169 Y104.560 Z0.400 E8.24448 F800
G1 X103.339 Y104.810 Z0.400 E8.26262 F800
G1 X103.329 Y104.820 Z0.400 E8.26347 F800
G1 X103.089 Y104.970 Z0.400 E8.28045 F800
G1 X103.089 Y105.000 Z0.400 E8.28225 F800
G1 X102.899 Y104.700 Z0.400 E8.30356 F800
G1 X103.079 Y105.010 Z0.400 E8.32507 F800
G1 X103.069 Y105.000 Z0.400 E8.32592 F800
G1 X103.059 Y104.990 Z0.400 E8.32677 F800
G1 X103.069 Y105.010 Z0.400 E8.32811 F800
G1 X103.059 Y105.000 Z0.400 E8.32896 F800
G1 X103.049 Y104.990 Z0.400 E8.32980 F800
G1 X103.059 Y105.010 Z0.400 E8.33115 F800
G1 X103.049 Y105.000 Z0.400 E8.33199 F800
G1 X103.059 Y105.020 Z0.400 E8.33334 F800
G1 X103.049 Y105.010 Z0.400 E8.33418 F800
G1 X103.059 Y105.030 Z0.400 E8.33553 F800
G1 X102.439 Y104.970 Z0.400 E8.37290 F800
G1 X102.559 Y105.310 Z0.400 E8.39453 F800
G1 X102.549 Y105.290 Z0.400 E8.39587 F800
G1 X102.389 Y105.020 Z0.400 E8.41471 F800
G1 X101.989 Y105.500 Z0.400 E8.45219 F800
G1 X101.849 Y105.220 Z0.400 E8.47098 F800
G1 X101.419 Y105.690 Z0.400 E8.50920 F800
G1 X101.409 Y105.680 Z0.400 E8.51005 F800
G1 X101.319 Y105.360 Z0.400 E8.52999 F800
G1 X100.839 Y105.780 Z0.400 E8.56826 F800
G1 X100.829 Y105.810 Z0.400 E8.57016 F800
G1 X100.819 Y105.770 Z0.400 E8.57263 F800
G1 X100.819 Y105.780 Z0.400 E8.57323 F800
G1 X100.769 Y105.470 Z0.400 E8.59207 F800
G1 X100.809 Y105.770 Z0.400 E8.61023 F800
G1 X100.809 Y105.790 Z0.400 E8.61143 F800
G1 X100.249 Y105.880 Z0.400 E8.64546 F800
G1 X100.229 Y105.870 Z0.400 E8.64680 F800
G1 X100.209 Y105.810 Z0.400 E8.65060 F800
G1 X100.209 Y105.850 Z0.400 E8.65300 F800
G1 X100.189 Y105.500 Z0.400 E8.67403 F800
G1 X100.189 Y105.510 Z0.400 E8.67463 F800
G1 X99.629 Y105.510 Z0.400 E8.70823 F800
G1 X99.599 Y105.850 Z0.400 E8.72871 F800
G1 X99.059 Y105.420 Z0.400 E8.77013 F800
G1 X98.989 Y105.760 Z0.400 E8.79096 F800
G1 X98.529 Y105.330 Z0.400 E8.82874 F800
G1 X98.489 Y105.340 Z0.400 E8.83121 F800
G1 X98.409 Y105.630 Z0.400 E8.84926 F800
G1 X97.959 Y105.150 Z0.400 E8.88874 F800
G1 X97.819 Y105.430 Z0.400 E8.90752 F800
G1 X97.329 Y105.200 Z0.400 E8.94000 F800
G1 X97.449 Y104.890 Z0.400 E8.95995 F800
G1 X97.289 Y105.200 Z0.400 E8.98088 F800
G1 X97.299 Y105.180 Z0.400 E8.98222 F800
G1 X97.289 Y105.190 Z0.400 E8.98307 F800
G1 X97.419 Y104.920 Z0.400 E9.00105 F800
G1 X97.429 Y104.900 Z0.400 E9.00239 F800
G1 X97.419 Y104.910 Z0.400 E9.00324 F800
G1 X97.279 Y105.180 Z0.400 E9.02149 F800
G1 X97.409 Y104.920 Z0.400 E9.03893 F800
G1 X97.429 Y104.880 Z0.400 E9.04161 F800
G1 X97.269 Y105.190 Z0.400 E9.06254 F800
G1 X97.259 Y105.200 Z0.400 E9.06339 F800
G1 X97.269 Y105.180 Z0.400 E9.06473 F800
G1 X97.259 Y105.190 Z0.400 E9.06558 F800
G1 X97.409 Y104.890 Z0.400 E9.08570 F800
G1 X97.229 Y105.210 Z0.400 E9.10773 F800
G1 X97.399 Y104.870 Z0.400 E9.13054 F800
G1 X96.819 Y104.940 Z0.400 E9.16559 F800
G1 X96.809 Y104.910 Z0.400 E9.16749 F800
G1 X96.779 Y104.940 Z0.400 E9.17004 F800
G1 X96.769 Y104.940 Z0.400 E9.17064 F800
G1 X96.969 Y104.620 Z0.400 E9.19328 F800
G1 X96.789 Y104.900 Z0.400 E9.21325 F800
G1 X96.949 Y104.640 Z0.400 E9.23157 F800
G1 X96.769 Y104.920 Z0.400 E9.25154 F800
G1 X96.779 Y104.900 Z0.400 E9.25288 F800
G1 X96.759 Y104.930 Z0.400 E9.25504 F800
G1 X96.949 Y104.630 Z0.400 E9.27635 F800
G1 X96.769 Y104.910 Z0.400 E9.29632 F800
G1 X96.959 Y104.610 Z0.400 E9.31763 F800
G1 X96.779 Y104.890 Z0.400 E9.33760 F800
G1 X96.759 Y104.920 Z0.400 E9.33976 F800
G1 X96.949 Y104.620 Z0.400 E9.36107 F800
G1 X96.769 Y104.900 Z0.400 E9.38104 F800
G1 X96.749 Y104.930 Z0.400 E9.38321 F800
G1 X96.779 Y104.880 Z0.400 E9.38671 F800
G1 X96.939 Y104.630 Z0.400 E9.40451 F800
G1 X96.759 Y104.910 Z0.400 E9.42449 F800
G1 X96.769 Y104.890 Z0.400 E9.42583 F800
G1 X96.949 Y104.610 Z0.400 E9.44580 F800
G1 X96.779 Y104.870 Z0.400 E9.46444 F800
G1 X96.759 Y104.900 Z0.400 E9.46660 F800
G1 X96.939 Y104.620 Z0.400 E9.48657 F800
G1 X96.769 Y104.880 Z0.400 E9.50521 F800
G1 X96.749 Y104.910 Z0.400 E9.50738 F800
G1 X96.929 Y104.630 Z0.400 E9.52735 F800
G1 X96.759 Y104.890 Z0.400 E9.54599 F800
G1 X96.939 Y104.610 Z0.400 E9.56596 F800
G1 X96.769 Y104.870 Z0.400 E9.58460 F800
G1 X96.749 Y104.900 Z0.400 E9.58676 F800
G1 X96.929 Y104.620 Z0.400 E9.60673 F800
G1 X96.759 Y104.880 Z0.400 E9.62537 F800
G1 X96.739 Y104.910 Z0.400 E9.62753 F800
G1 X96.939 Y104.600 Z0.400 E9.64967 F800
G1 X96.749 Y104.890 Z0.400 E9.67047 F800
G1 X96.929 Y104.610 Z0.400 E9.69044 F800
G1 X96.909 Y104.640 Z0.400 E9.69261 F800
G1 X96.759 Y104.870 Z0.400 E9.70908 F800
G1 X96.739 Y104.900 Z0.400 E9.71125 F800
G1 X96.919 Y104.620 Z0.400 E9.73122 F800
G1 X96.749 Y104.880 Z0.400 E9.74986 F800
G1 X96.729 Y104.910 Z0.400 E9.75202 F800
G1 X96.929 Y104.600 Z0.400 E9.77415 F800
G1 X96.739 Y104.890 Z0.400 E9.79496 F800
G1 X96.909 Y104.620 Z0.400 E9.81410 F800
G1 X96.739 Y104.880 Z0.400 E9.83274 F800
G1 X96.729 Y104.890 Z0.400 E9.83359 F800
G1 X96.739 Y104.870 Z0.400 E9.83493 F800
G1 X96.739 Y104.860 Z0.400 E9.83553 F800
G1 X96.719 Y104.890 Z0.400 E9.83769 F800
G1 X96.729 Y104.860 Z0.400 E9.83959 F800
G1 X96.279 Y104.570 Z0.400 E9.87171 F800
G1 X96.269 Y104.580 Z0.400 E9.87256 F800
G1 X96.489 Y104.300 Z0.400 E9.89392 F800
G1 X96.269 Y104.560 Z0.400 E9.91436 F800
G1 X96.269 Y104.550 Z0.400 E9.91496 F800
G1 X96.259 Y104.560 Z0.400 E9.91581 F800
G1 X96.269 Y104.540 Z0.400 E9.91715 F800
G1 X96.269 Y104.530 Z0.400 E9.91775 F800
G1 X96.469 Y104.280 Z0.400 E9.93696 F800
G1 X96.469 Y104.270 Z0.400 E9.93756 F800
G1 X96.459 Y104.280 Z0.400 E9.93841 F800
G1 X96.449 Y104.290 Z0.400 E9.93926 F800
G1 X96.259 Y104.520 Z0.400 E9.95716 F800
G1 X96.459 Y104.270 Z0.400 E9.97637 F800
G1 X96.249 Y104.530 Z0.400 E9.99642 F800
G1 X96.239 Y104.540 Z0.400 E9.99727 F800
G1 X96.239 Y104.530 Z0.400 E9.99787 F800
G1 X96.439 Y104.250 Z0.400 E10.01851 F800
G1 X96.049 Y103.900 Z0.400 E10.04995 F800
G1 X95.769 Y104.130 Z0.400 E10.07169 F800
G1 X95.609 Y103.910 Z0.400 E10.08802 F800
G1 X95.819 Y103.700 Z0.400 E10.10584 F800
G1 X95.499 Y103.290 Z0.400 E10.13704 F800
G1 X95.219 Y103.490 Z0.400 E10.15769 F800
G1 X94.839 Y102.960 Z0.400 E10.19682 F800
G1 X95.119 Y102.780 Z0.400 E10.21679 F800
G1 X94.869 Y102.260 Z0.400 E10.25141 F800
G1 X94.579 Y102.390 Z0.400 E10.27047 F800
G1 X94.179 Y101.280 Z0.400 E10.34127 F800
G1 X94.509 Y101.170 Z0.400 E10.36214 F800
G1 X94.409 Y100.630 Z0.400 E10.39509 F800
G1 X94.119 Y100.660 Z0.400 E10.41258 F800
G1 X94.039 Y100.670 Z0.400 E10.41742 F800
G1 X94.019 Y100.070 Z0.400 E10.45344 F800
G1 X94.339 Y100.040 Z0.400 E10.47272 F800
G1 X94.069 Y99.450 Z0.400 E10.51165 F800

; polyline 4
G1 X90.049 Y100.870 Z0.400 F800
G1 X90.399 Y100.970 Z0.400 E10.53349 F800
G1 X90.399 Y101.220 Z0.400 E10.54849 F800
G1 X90.129 Y101.380 Z0.400 E10.56733 F800
G1 X90.529 Y101.850 Z0.400 E10.60436 F800
G1 X90.819 Y101.830 Z0.400 E10.62180 F800
G1 X90.789 Y101.550 Z0.400 E10.63869 F800
G1 X90.779 Y101.140 Z0.400 E10.66330 F800
G1 X90.809 Y100.810 Z0.400 E10.68318 F800
G1 X91.139 Y100.960 Z0.400 E10.70493 F800
G1 X91.119 Y101.280 Z0.400 E10.72417 F800
G1 X91.219 Y101.590 Z0.400 E10.74371 F800
G1 X91.189 Y101.890 Z0.400 E10.76180 F800
G1 X90.929 Y102.170 Z0.400 E10.78473 F800
G1 X90.569 Y102.300 Z0.400 E10.80769 F800
G1 X90.199 Y102.020 Z0.400 E10.83553 F800
G1 X90.679 Y102.880 Z0.400 E10.89463 F800
G1 X90.789 Y103.180 Z0.400 E10.91380 F800
G1 X91.169 Y103.010 Z0.400 E10.93878 F800
G1 X91.109 Y102.750 Z0.400 E10.95479 F800
G1 X91.389 Y102.570 Z0.400 E10.97476 F800
G1 X91.729 Y102.570 Z0.400 E10.99516 F800
G1 X91.839 Y102.880 Z0.400 E11.01489 F800
G1 X91.549 Y102.960 Z0.400 E11.03294 F800
G1 X91.639 Y103.500 Z0.400 E11.06579 F800
G1 X91.469 Y103.570 Z0.400 E11.07682 F800
G1 X91.109 Y103.720 Z0.400 E11.10022 F800
G1 X90.869 Y104.000 Z0.400 E11.12235 F800
G1 X91.429 Y103.980 Z0.400 E11.15597 F800
G1 X91.879 Y103.840 Z0.400 E11.18425 F800
G1 X92.199 Y103.760 Z0.400 E11.20404 F800
G1 X92.179 Y103.650 Z0.400 E11.21075 F800
G1 X92.159 Y103.630 Z0.400 E11.21244 F800
G1 X92.019 Y103.360 Z0.400 E11.23069 F800
G1 X92.329 Y103.220 Z0.400 E11.25110 F800
G1 X92.649 Y103.230 Z0.400 E11.27031 F800
G1 X92.489 Y103.500 Z0.400 E11.28914 F800
G1 X92.939 Y103.780 Z0.400 E11.32094 F800
G1 X93.269 Y103.690 Z0.400 E11.34146 F800
G1 X93.369 Y103.930 Z0.400 E11.35706 F800
G1 X93.689 Y103.800 Z0.400 E11.37779 F800
G1 X93.779 Y103.580 Z0.400 E11.39205 F800
G1 X93.529 Y103.490 Z0.400 E11.40799 F800
G1 X93.539 Y103.200 Z0.400 E11.42540 F800
G1 X93.329 Y102.940 Z0.400 E11.44546 F800
G1 X93.199 Y102.610 Z0.400 E11.46674 F800
G1 X93.029 Y102.360 Z0.400 E11.48488 F800
G1 X93.009 Y102.370 Z0.400 E11.48622 F800
G1 X92.849 Y102.090 Z0.400 E11.50557 F800
G1 X92.649 Y101.830 Z0.400 E11.52525 F800
G1 X92.439 Y101.550 Z0.400 E11.54625 F800
G1 X92.289 Y101.290 Z0.400 E11.56426 F800
G1 X91.989 Y101.430 Z0.400 E11.58412 F800
G1 X92.099 Y101.720 Z0.400 E11.60273 F800
G1 X92.249 Y102.070 Z0.400 E11.62558 F800
G1 X92.409 Y102.310 Z0.400 E11.64289 F800
G1 X92.329 Y102.350 Z0.400 E11.64825 F800
G1 X92.069 Y102.540 Z0.400 E11.66757 F800
G1 X92.469 Y102.660 Z0.400 E11.69263 F800
G1 X92.869 Y102.910 Z0.400 E11.72093 F800
G1 X93.019 Y103.210 Z0.400 E11.74106 F800
G1 X93.679 Y102.840 Z0.400 E11.78646 F800
G1 X94.039 Y102.670 Z0.400 E11.81034 F800
G1 X94.289 Y102.600 Z0.400 E11.82592 F800
G1 X94.269 Y102.540 Z0.400 E11.82971 F800
G1 X94.579 Y102.390 Z0.400 E11.85038 F800
G1 X94.869 Y102.260 Z0.400 E11.86945 F800
G1 X95.159 Y102.130 Z0.400 E11.88851 F800
G1 X95.169 Y102.080 Z0.400 E11.89157 F800
G1 X95.479 Y102.010 Z0.400 E11.91064 F800
G1 X95.759 Y101.870 Z0.400 E11.92942 F800
G1 X96.009 Y102.280 Z0.400 E11.95824 F800
G1 X96.009 Y102.290 Z0.400 E11.95884 F800
G1 X95.699 Y102.470 Z0.400 E11.98034 F800
G1 X95.469 Y102.630 Z0.400 E11.99716 F800
G1 X95.169 Y102.740 Z0.400 E12.01633 F800
G1 X95.119 Y102.780 Z0.400 E12.02017 F800
G1 X94.839 Y102.960 Z0.400 E12.04014 F800
G1 X94.619 Y103.130 Z0.400 E12.05682 F800
G1 X94.239 Y103.350 Z0.400 E12.08317 F800
G1 X94.029 Y103.480 Z0.400 E12.09799 F800
G1 X93.959 Y104.100 Z0.400 E12.13542 F800
G1 X94.139 Y104.250 Z0.400 E12.14948 F800
G1 X94.389 Y104.030 Z0.400 E12.16946 F800
G1 X94.679 Y103.840 Z0.400 E12.19027 F800
G1 X94.939 Y103.670 Z0.400 E12.20890 F800
G1 X94.929 Y103.650 Z0.400 E12.21025 F800
G1 X94.929 Y103.630 Z0.400 E12.21145 F800
G1 X95.219 Y103.490 Z0.400 E12.23077 F800
G1 X95.499 Y103.290 Z0.400 E12.25141 F800
G1 X95.489 Y103.230 Z0.400 E12.25506 F800
G1 X95.729 Y103.070 Z0.400 E12.27237 F800
G1 X96.039 Y102.910 Z0.400 E12.29330 F800
G1 X96.249 Y102.650 Z0.400 E12.31335 F800
G1 X96.549 Y103.060 Z0.400 E12.34384 F800
G1 X96.699 Y103.200 Z0.400 E12.35615 F800
G1 X96.539 Y103.460 Z0.400 E12.37446 F800
G1 X96.349 Y103.220 Z0.400 E12.39283 F800
G1 X96.329 Y103.230 Z0.400 E12.39417 F800
G1 X96.079 Y103.470 Z0.400 E12.41496 F800
G1 X96.289 Y103.680 Z0.400 E12.43278 F800
G1 X96.049 Y103.900 Z0.400 E12.45232 F800
G1 X95.819 Y103.700 Z0.400 E12.47061 F800
G1 X95.609 Y103.910 Z0.400 E12.48842 F800
G1 X95.769 Y104.130 Z0.400 E12.50475 F800
G1 X95.579 Y104.390 Z0.400 E12.52407 F800
G1 X95.579 Y104.400 Z0.400 E12.52467 F800
G1 X95.339 Y104.140 Z0.400 E12.54590 F800
G1 X95.339 Y104.130 Z0.400 E12.54650 F800
G1 X95.339 Y104.120 Z0.400 E12.54710 F800
G1 X95.089 Y104.330 Z0.400 E12.56669 F800
G1 X95.069 Y104.370 Z0.400 E12.56937 F800
G1 X94.929 Y104.570 Z0.400 E12.58402 F800
G1 X94.749 Y104.660 Z0.400 E12.59609 F800
G1 X94.489 Y104.890 Z0.400 E12.61692 F800
G1 X94.289 Y104.710 Z0.400 E12.63307 F800
G1 X94.219 Y104.960 Z0.400 E12.64864 F800
G1 X94.069 Y104.910 Z0.400 E12.65813 F800
G1 X94.049 Y105.150 Z0.400 E12.67258 F800
G1 X93.899 Y105.150 Z0.400 E12.68158 F800
G1 X93.659 Y105.360 Z0.400 E12.70071 F800
G1 X93.379 Y105.540 Z0.400 E12.72069 F800
G1 X93.159 Y105.820 Z0.400 E12.74205 F800
G1 X93.259 Y105.920 Z0.400 E12.75054 F800
G1 X92.969 Y105.970 Z0.400 E12.76819 F800
G1 X92.679 Y106.230 Z0.400 E12.79156 F800
G1 X92.509 Y106.410 Z0.400 E12.80642 F800
G1 X93.109 Y106.720 Z0.400 E12.84694 F800
G1 X93.359 Y106.510 Z0.400 E12.86653 F800
G1 X93.619 Y106.290 Z0.400 E12.88696 F800
G1 X93.739 Y106.550 Z0.400 E12.90415 F800
G1 X93.699 Y106.760 Z0.400 E12.91697 F800
G1 X93.359 Y106.960 Z0.400 E12.94064 F800
G1 X92.999 Y107.050 Z0.400 E12.96290 F800
G1 X93.819 Y107.360 Z0.400 E13.01550 F800
G1 X93.949 Y107.440 Z0.400 E13.02466 F800
G1 X94.099 Y107.160 Z0.400 E13.04372 F800
G1 X94.339 Y106.920 Z0.400 E13.06409 F800
G1 X94.239 Y106.840 Z0.400 E13.07177 F800
G1 X94.499 Y106.650 Z0.400 E13.09109 F800
G1 X94.469 Y106.560 Z0.400 E13.09678 F800
G1 X94.689 Y106.460 Z0.400 E13.11128 F800
G1 X94.739 Y106.360 Z0.400 E13.11799 F800
G1 X94.709 Y106.350 Z0.400 E13.11989 F800
G1 X94.689 Y106.310 Z0.400 E13.12257 F800
G1 X94.949 Y106.120 Z0.400 E13.14189 F800
G1 X94.979 Y106.160 Z0.400 E13.14489 F800
G1 X94.839 Y105.940 Z0.400 E13.16054 F800
G1 X95.069 Y105.880 Z0.400 E13.17480 F800
G1 X95.239 Y105.630 Z0.400 E13.19294 F800
G1 X95.229 Y105.620 Z0.400 E13.19379 F800
G1 X95.439 Y105.540 Z0.400 E13.20727 F800
G1 X95.579 Y105.550 Z0.400 E13.21569 F800
G1 X95.649 Y105.310 Z0.400 E13.23069 F800
G1 X95.649 Y105.260 Z0.400 E13.23369 F800
G1 X95.819 Y105.060 Z0.400 E13.24944 F800
G1 X95.819 Y105.040 Z0.400 E13.25064 F800
G1 X95.839 Y105.040 Z0.400 E13.25184 F800
G1 X95.879 Y105.090 Z0.400 E13.25568 F800
G1 X96.019 Y104.840 Z0.400 E13.27288 F800
G1 X96.029 Y104.810 Z0.400 E13.27477 F800
G1 X96.049 Y104.820 Z0.400 E13.27612 F800
G1 X96.049 Y104.850 Z0.400 E13.27792 F800
G1 X96.059 Y104.780 Z0.400 E13.28216 F800
G1 X96.039 Y104.770 Z0.400 E13.28350 F800
G1 X96.269 Y104.580 Z0.400 E13.30140 F800
G1 X96.279 Y104.570 Z0.400 E13.30225 F800
G1 X96.269 Y104.560 Z0.400 E13.30310 F800
G1 X96.269 Y104.550 Z0.400 E13.30370 F800
G1 X96.269 Y104.540 Z0.400 E13.30430 F800
G1 X96.269 Y104.530 Z0.400 E13.30490 F800
G1 X96.259 Y104.520 Z0.400 E13.30574 F800
G1 X96.249 Y104.530 Z0.400 E13.30659 F800
G1 X96.239 Y104.530 Z0.400 E13.30719 F800
G1 X96.239 Y104.540 Z0.400 E13.30779 F800
G1 X96.259 Y104.560 Z0.400 E13.30949 F800
G1 X96.449 Y104.290 Z0.400 E13.32930 F800
G1 X96.459 Y104.280 Z0.400 E13.33015 F800
G1 X96.459 Y104.270 Z0.400 E13.33075 F800
G1 X96.469 Y104.270 Z0.400 E13.33135 F800
G1 X96.469 Y104.280 Z0.400 E13.33195 F800
G1 X96.489 Y104.300 Z0.400 E13.33365 F800
G1 X96.509 Y104.280 Z0.400 E13.33534 F800
G1 X96.439 Y104.250 Z0.400 E13.33991 F800
G1 X96.669 Y104.010 Z0.400 E13.35986 F800
G1 X96.689 Y104.020 Z0.400 E13.36120 F800
G1 X96.879 Y103.780 Z0.400 E13.37956 F800
G1 X96.849 Y103.740 Z0.400 E13.38256 F800
G1 X97.039 Y103.520 Z0.400 E13.40001 F800
G1 X97.059 Y103.510 Z0.400 E13.40135 F800
G1 X97.449 Y103.760 Z0.400 E13.42914 F800
G1 X97.499 Y103.820 Z0.400 E13.43383 F800
G1 X97.329 Y104.060 Z0.400 E13.45148 F800
G1 X97.259 Y104.090 Z0.400 E13.45604 F800
G1 X97.129 Y104.310 Z0.400 E13.47138 F800
G1 X97.119 Y104.330 Z0.400 E13.47272 F800
G1 X97.109 Y104.340 Z0.400 E13.47357 F800
G1 X97.099 Y104.390 Z0.400 E13.47663 F800
G1 X96.959 Y104.600 Z0.400 E13.49177 F800
G1 X96.959 Y104.610 Z0.400 E13.49237 F800
G1 X96.949 Y104.610 Z0.400 E13.49297 F800
G1 X96.939 Y104.610 Z0.400 E13.49357 F800
G1 X96.939 Y104.600 Z0.400 E13.49417 F800
G1 X96.949 Y104.600 Z0.400 E13.49477 F800
G1 X96.929 Y104.600 Z0.400 E13.49597 F800
G1 X96.929 Y104.610 Z0.400 E13.49657 F800
G1 X96.929 Y104.620 Z0.400 E13.49717 F800
G1 X96.919 Y104.620 Z0.400 E13.49777 F800
G1 X96.909 Y104.620 Z0.400 E13.49837 F800
G1 X96.909 Y104.640 Z0.400 E13.49957 F800
G1 X96.929 Y104.630 Z0.400 E13.50091 F800
G1 X96.939 Y104.630 Z0.400 E13.50151 F800
G1 X96.939 Y104.620 Z0.400 E13.50211 F800
G1 X96.949 Y104.620 Z0.400 E13.50271 F800
G1 X96.949 Y104.630 Z0.400 E13.50331 F800
G1 X96.949 Y104.640 Z0.400 E13.50391 F800
G1 X96.969 Y104.620 Z0.400 E13.50561 F800
G1 X96.779 Y104.870 Z0.400 E13.52445 F800
G1 X96.779 Y104.880 Z0.400 E13.52505 F800
G1 X96.769 Y104.880 Z0.400 E13.52565 F800
G1 X96.759 Y104.880 Z0.400 E13.52625 F800
G1 X96.759 Y104.870 Z0.400 E13.52685 F800
G1 X96.769 Y104.870 Z0.400 E13.52745 F800
G1 X96.769 Y104.890 Z0.400 E13.52865 F800
G1 X96.759 Y104.890 Z0.400 E13.52925 F800
G1 X96.759 Y104.900 Z0.400 E13.52985 F800
G1 X96.759 Y104.910 Z0.400 E13.53045 F800
G1 X96.759 Y104.920 Z0.400 E13.53105 F800
G1 X96.769 Y104.920 Z0.400 E13.53165 F800
G1 X96.769 Y104.910 Z0.400 E13.53225 F800
G1 X96.769 Y104.900 Z0.400 E13.53285 F800
G1 X96.779 Y104.900 Z0.400 E13.53345 F800
G1 X96.779 Y104.890 Z0.400 E13.53405 F800
G1 X96.789 Y104.900 Z0.400 E13.53490 F800
G1 X96.809 Y104.910 Z0.400 E13.53624 F800
G1 X96.819 Y104.940 Z0.400 E13.53814 F800
G1 X96.779 Y104.940 Z0.400 E13.54054 F800
G1 X96.769 Y104.940 Z0.400 E13.54114 F800
G1 X96.759 Y104.930 Z0.400 E13.54198 F800
G1 X96.749 Y104.930 Z0.400 E13.54258 F800
G1 X96.749 Y104.910 Z0.400 E13.54378 F800
G1 X96.739 Y104.910 Z0.400 E13.54438 F800
G1 X96.729 Y104.910 Z0.400 E13.54498 F800
G1 X96.739 Y104.900 Z0.400 E13.54583 F800
G1 X96.739 Y104.890 Z0.400 E13.54643 F800
G1 X96.729 Y104.890 Z0.400 E13.54703 F800
G1 X96.719 Y104.890 Z0.400 E13.54763 F800
G1 X96.739 Y104.880 Z0.400 E13.54897 F800
G1 X96.739 Y104.870 Z0.400 E13.54957 F800
G1 X96.739 Y104.860 Z0.400 E13.55017 F800
G1 X96.729 Y104.860 Z0.400 E13.55077 F800
G1 X96.749 Y104.880 Z0.400 E13.55247 F800
G1 X96.749 Y104.890 Z0.400 E13.55307 F800
G1 X96.749 Y104.900 Z0.400 E13.55367 F800
G1 X96.599 Y105.150 Z0.400 E13.57116 F800
G1 X96.589 Y105.150 Z0.400 E13.57176 F800
G1 X96.579 Y105.150 Z0.400 E13.57236 F800
G1 X96.569 Y105.150 Z0.400 E13.57296 F800
G1 X96.569 Y105.140 Z0.400 E13.57356 F800
G1 X96.559 Y105.140 Z0.400 E13.57416 F800
G1 X96.579 Y105.160 Z0.400 E13.57586 F800
G1 X96.579 Y105.170 Z0.400 E13.57646 F800
G1 X96.569 Y105.170 Z0.400 E13.57706 F800
G1 X96.569 Y105.180 Z0.400 E13.57766 F800
G1 X96.579 Y105.180 Z0.400 E13.57826 F800
G1 X96.579 Y105.190 Z0.400 E13.57886 F800
G1 X96.589 Y105.170 Z0.400 E13.58020 F800
G1 X96.589 Y105.160 Z0.400 E13.58080 F800
G1 X96.599 Y105.160 Z0.400 E13.58140 F800
G1 X96.599 Y105.170 Z0.400 E13.58200 F800
G1 X96.559 Y105.170 Z0.400 E13.58440 F800
G1 X96.559 Y105.180 Z0.400 E13.58500 F800
G1 X96.559 Y105.210 Z0.400 E13.58680 F800
G1 X96.529 Y105.160 Z0.400 E13.59030 F800
G1 X96.409 Y105.410 Z0.400 E13.60694 F800
G1 X96.379 Y105.450 Z0.400 E13.60994 F800
G1 X96.369 Y105.460 Z0.400 E13.61079 F800
G1 X96.359 Y105.490 Z0.400 E13.61269 F800
G1 X96.399 Y105.480 Z0.400 E13.61516 F800
G1 X96.239 Y105.700 Z0.400 E13.63148 F800
G1 X96.229 Y105.740 Z0.400 E13.63396 F800
G1 X96.099 Y105.910 Z0.400 E13.64680 F800
G1 X96.069 Y105.910 Z0.400 E13.64860 F800
G1 X96.029 Y105.870 Z0.400 E13.65199 F800
G1 X96.119 Y105.970 Z0.400 E13.66006 F800
G1 X95.949 Y106.130 Z0.400 E13.67407 F800
G1 X96.069 Y106.220 Z0.400 E13.68307 F800
G1 X95.969 Y106.470 Z0.400 E13.69923 F800
G1 X96.079 Y106.500 Z0.400 E13.70607 F800
G1 X95.799 Y106.360 Z0.400 E13.72485 F800
G1 X95.569 Y106.210 Z0.400 E13.74132 F800
G1 X95.719 Y105.990 Z0.400 E13.75730 F800
G1 X95.729 Y105.970 Z0.400 E13.75864 F800
G1 X95.399 Y105.780 Z0.400 E13.78149 F800
G1 X94.989 Y105.320 Z0.400 E13.81846 F800
G1 X94.739 Y105.160 Z0.400 E13.83627 F800
G1 X94.529 Y105.330 Z0.400 E13.85248 F800
G1 X94.719 Y105.510 Z0.400 E13.86819 F800
G1 X94.489 Y105.780 Z0.400 E13.88947 F800
G1 X94.289 Y105.960 Z0.400 E13.90561 F800
G1 X94.049 Y105.840 Z0.400 E13.92171 F800
G1 X94.019 Y105.770 Z0.400 E13.92628 F800
G1 X93.869 Y106.030 Z0.400 E13.94429 F800
G1 X94.089 Y106.240 Z0.400 E13.96254 F800
G1 X94.269 Y105.590 Z0.400 E14.00301 F800
G1 X94.999 Y104.960 Z0.400 E14.06086 F800
G1 X95.109 Y104.860 Z0.400 E14.06978 F800
G1 X95.169 Y104.850 Z0.400 E14.07343 F800
G1 X95.349 Y104.670 Z0.400 E14.08870 F800
G1 X94.409 Y104.450 Z0.400 E14.14663 F800
G1 X93.809 Y104.530 Z0.400 E14.18295 F800
G1 X93.629 Y104.730 Z0.400 E14.19909 F800
G1 X93.629 Y104.830 Z0.400 E14.20509 F800
G1 X93.299 Y104.940 Z0.400 E14.22596 F800
G1 X93.199 Y104.660 Z0.400 E14.24380 F800
G1 X93.389 Y104.560 Z0.400 E14.25668 F800
G1 X93.639 Y104.300 Z0.400 E14.27833 F800
G1 X93.079 Y104.150 Z0.400 E14.31311 F800
G1 X92.809 Y104.170 Z0.400 E14.32935 F800
G1 X92.529 Y104.340 Z0.400 E14.34901 F800
G1 X92.309 Y104.610 Z0.400 E14.36991 F800
G1 X91.979 Y104.730 Z0.400 E14.39097 F800
G1 X91.819 Y104.460 Z0.400 E14.40981 F800
G1 X92.109 Y104.320 Z0.400 E14.42913 F800
G1 X91.529 Y104.600 Z0.400 E14.46777 F800
G1 X91.199 Y104.760 Z0.400 E14.48977 F800
G1 X91.479 Y105.150 Z0.400 E14.51858 F800
G1 X91.739 Y104.950 Z0.400 E14.53826 F800
G1 X92.079 Y105.440 Z0.400 E14.57405 F800
G1 X92.349 Y105.290 Z0.400 E14.59258 F800
G1 X92.549 Y105.550 Z0.400 E14.61226 F800
G1 X92.799 Y105.370 Z0.400 E14.63074 F800
G1 X92.619 Y105.090 Z0.400 E14.65072 F800
G1 X93.009 Y105.040 Z0.400 E14.67431 F800
G1 X92.279 Y105.750 Z0.400 E14.73541 F800
G1 X91.919 Y105.840 Z0.400 E14.75767 F800
G1 X93.669 Y107.640 Z0.400 E14.90830 F800
G1 X94.189 Y108.000 Z0.400 E14.94625 F800
G1 X94.229 Y108.060 Z0.400 E14.95057 F800
G1 X94.449 Y107.820 Z0.400 E14.97011 F800
G1 X94.679 Y107.980 Z0.400 E14.98692 F800
G1 X94.859 Y107.720 Z0.400 E15.00589 F800
G1 X94.799 Y107.670 Z0.400 E15.01058 F800
G1 X94.619 Y107.520 Z0.400 E15.02464 F800
G1 X94.819 Y107.260 Z0.400 E15.04432 F800
G1 X94.989 Y107.450 Z0.400 E15.05962 F800
G1 X95.279 Y107.600 Z0.400 E15.07921 F800
G1 X95.319 Y107.570 Z0.400 E15.08221 F800
G1 X95.419 Y107.610 Z0.400 E15.08867 F800
G1 X95.479 Y107.310 Z0.400 E15.10702 F800
G1 X95.599 Y107.350 Z0.400 E15.11461 F800
G1 X95.699 Y107.050 Z0.400 E15.13359 F800
G1 X95.449 Y106.910 Z0.400 E15.15078 F800
G1 X95.569 Y106.630 Z0.400 E15.16906 F800
G1 X95.379 Y106.450 Z0.400 E15.18476 F800
G1 X95.329 Y106.480 Z0.400 E15.18826 F800
G1 X95.139 Y106.770 Z0.400 E15.20906 F800
G1 X95.019 Y106.970 Z0.400 E15.22306 F800
G1 X94.959 Y106.960 Z0.400 E15.22671 F800
G1 X95.219 Y107.120 Z0.400 E15.24502 F800
G1 X95.809 Y106.740 Z0.400 E15.28713 F800
G1 X95.879 Y106.780 Z0.400 E15.29197 F800
G1 X96.329 Y107.030 Z0.400 E15.32285 F800
G1 X96.579 Y107.110 Z0.400 E15.33860 F800
G1 X96.659 Y106.850 Z0.400 E15.35492 F800
G1 X96.459 Y106.750 Z0.400 E15.36834 F800
G1 X96.579 Y106.470 Z0.400 E15.38662 F800
G1 X96.689 Y106.310 Z0.400 E15.39827 F800
G1 X96.759 Y106.300 Z0.400 E15.40251 F800
G1 X96.779 Y106.380 Z0.400 E15.40746 F800
G1 X96.789 Y106.110 Z0.400 E15.42367 F800
G1 X96.839 Y106.040 Z0.400 E15.42883 F800
G1 X96.979 Y105.800 Z0.400 E15.44550 F800
G1 X96.969 Y105.770 Z0.400 E15.44740 F800
G1 X96.959 Y105.730 Z0.400 E15.44987 F800
G1 X97.089 Y105.520 Z0.400 E15.46469 F800
G1 X97.089 Y105.510 Z0.400 E15.46529 F800
G1 X97.099 Y105.500 Z0.400 E15.46614 F800
G1 X97.099 Y105.490 Z0.400 E15.46674 F800
G1 X97.109 Y105.490 Z0.400 E15.46734 F800
G1 X97.129 Y105.480 Z0.400 E15.46868 F800
G1 X97.129 Y105.500 Z0.400 E15.46988 F800
G1 X97.229 Y105.210 Z0.400 E15.48829 F800
G1 X97.259 Y105.200 Z0.400 E15.49019 F800
G1 X97.259 Y105.190 Z0.400 E15.49079 F800
G1 X97.269 Y105.190 Z0.400 E15.49139 F800
G1 X97.269 Y105.180 Z0.400 E15.49199 F800
G1 X97.279 Y105.180 Z0.400 E15.49259 F800
G1 X97.289 Y105.190 Z0.400 E15.49343 F800
G1 X97.289 Y105.200 Z0.400 E15.49403 F800
G1 X97.299 Y105.180 Z0.400 E15.49538 F800
G1 X97.329 Y105.200 Z0.400 E15.49754 F800
G1 X97.409 Y104.920 Z0.400 E15.51501 F800
G1 X97.419 Y104.920 Z0.400 E15.51561 F800
G1 X97.419 Y104.910 Z0.400 E15.51621 F800
G1 X97.429 Y104.900 Z0.400 E15.51706 F800
G1 X97.429 Y104.880 Z0.400 E15.51826 F800
G1 X97.409 Y104.890 Z0.400 E15.51960 F800
G1 X97.399 Y104.870 Z0.400 E15.52094 F800
G1 X97.449 Y104.890 Z0.400 E15.52417 F800
G1 X97.569 Y104.630 Z0.400 E15.54136 F800
G1 X97.589 Y104.600 Z0.400 E15.54352 F800
G1 X97.539 Y104.600 Z0.400 E15.54652 F800
G1 X97.709 Y104.330 Z0.400 E15.56566 F800
G1 X97.889 Y104.020 Z0.400 E15.58717 F800
G1 X98.329 Y104.210 Z0.400 E15.61593 F800
G1 X98.209 Y104.560 Z0.400 E15.63813 F800
G1 X98.189 Y104.560 Z0.400 E15.63933 F800
G1 X98.089 Y104.840 Z0.400 E15.65717 F800
G1 X98.059 Y104.860 Z0.400 E15.65933 F800
G1 X98.049 Y104.840 Z0.400 E15.66067 F800
G1 X97.959 Y105.150 Z0.400 E15.68004 F800
G1 X97.819 Y105.430 Z0.400 E15.69882 F800
G1 X97.719 Y105.740 Z0.400 E15.71837 F800
G1 X97.699 Y105.760 Z0.400 E15.72006 F800
G1 X97.719 Y105.770 Z0.400 E15.72141 F800
G1 X97.739 Y105.790 Z0.400 E15.72310 F800
G1 X97.609 Y106.040 Z0.400 E15.74001 F800
G1 X97.629 Y106.080 Z0.400 E15.74269 F800
G1 X97.569 Y106.080 Z0.400 E15.74629 F800
G1 X97.529 Y106.420 Z0.400 E15.76683 F800
G1 X97.379 Y106.520 Z0.400 E15.77765 F800
G1 X97.399 Y106.550 Z0.400 E15.77981 F800
G1 X97.359 Y106.570 Z0.400 E15.78250 F800
G1 X97.599 Y106.760 Z0.400 E15.80086 F800
G1 X97.609 Y106.770 Z0.400 E15.80171 F800
G1 X97.629 Y106.790 Z0.400 E15.80341 F800
G1 X97.649 Y106.710 Z0.400 E15.80836 F800
G1 X97.859 Y106.930 Z0.400 E15.82660 F800
G1 X97.949 Y106.930 Z0.400 E15.83200 F800
G1 X98.179 Y107.120 Z0.400 E15.84990 F800
G1 X98.159 Y107.180 Z0.400 E15.85370 F800
G1 X98.389 Y107.340 Z0.400 E15.87051 F800
G1 X98.359 Y107.380 Z0.400 E15.87351 F800
G1 X98.169 Y107.610 Z0.400 E15.89141 F800
G1 X98.239 Y107.660 Z0.400 E15.89657 F800
G1 X98.479 Y107.770 Z0.400 E15.91241 F800
G1 X98.499 Y107.820 Z0.400 E15.91564 F800
G1 X98.379 Y108.060 Z0.400 E15.93174 F800
G1 X98.369 Y108.090 Z0.400 E15.93364 F800
G1 X98.639 Y108.170 Z0.400 E15.95054 F800
G1 X98.799 Y107.980 Z0.400 E15.96544 F800
G1 X98.789 Y107.920 Z0.400 E15.96909 F800
G1 X98.919 Y107.740 Z0.400 E15.98241 F800
G1 X99.089 Y107.640 Z0.400 E15.99424 F800
G1 X99.089 Y107.580 Z0.400 E15.99784 F800
G1 X99.289 Y107.450 Z0.400 E16.01216 F800
G1 X99.279 Y107.430 Z0.400 E16.01350 F800
G1 X99.569 Y107.330 Z0.400 E16.03190 F800
G1 X99.569 Y107.310 Z0.400 E16.03310 F800
G1 X99.579 Y107.310 Z0.400 E16.03370 F800
G1 X99.829 Y107.230 Z0.400 E16.04945 F800
G1 X99.859 Y107.230 Z0.400 E16.05125 F800
G1 X99.889 Y107.290 Z0.400 E16.05528 F800
G1 X100.079 Y107.210 Z0.400 E16.06765 F800
G1 X100.109 Y107.220 Z0.400 E16.06954 F800
G1 X100.119 Y106.920 Z0.400 E16.08755 F800
G1 X100.129 Y106.910 Z0.400 E16.08840 F800
G1 X99.849 Y106.930 Z0.400 E16.10525 F800
G1 X99.829 Y106.900 Z0.400 E16.10741 F800
G1 X99.799 Y106.580 Z0.400 E16.12669 F800
G1 X99.759 Y106.270 Z0.400 E16.14545 F800
G1 X99.599 Y105.850 Z0.400 E16.17241 F800
G1 X99.629 Y105.510 Z0.400 E16.19289 F800
G1 X99.649 Y105.160 Z0.400 E16.21393 F800
G1 X99.669 Y104.870 Z0.400 E16.23137 F800
G1 X99.679 Y104.850 Z0.400 E16.23271 F800
G1 X99.679 Y104.570 Z0.400 E16.24951 F800
G1 X99.699 Y104.560 Z0.400 E16.25085 F800
G1 X100.139 Y104.510 Z0.400 E16.27742 F800
G1 X100.179 Y104.860 Z0.400 E16.29856 F800
G1 X100.179 Y104.870 Z0.400 E16.29916 F800
G1 X100.199 Y105.190 Z0.400 E16.31840 F800
G1 X100.189 Y105.500 Z0.400 E16.33701 F800
G1 X100.189 Y105.510 Z0.400 E16.33761 F800
G1 X100.209 Y105.810 Z0.400 E16.35565 F800
G1 X100.209 Y105.850 Z0.400 E16.35805 F800
G1 X100.229 Y105.870 Z0.400 E16.35974 F800
G1 X100.249 Y105.880 Z0.400 E16.36109 F800
G1 X100.209 Y106.260 Z0.400 E16.38401 F800
G1 X100.159 Y106.590 Z0.400 E16.40404 F800
G1 X100.179 Y106.600 Z0.400 E16.40538 F800
G1 X100.569 Y106.660 Z0.400 E16.42905 F800
G1 X100.579 Y106.660 Z0.400 E16.42965 F800
G1 X100.589 Y106.660 Z0.400 E16.43025 F800
G1 X100.589 Y106.650 Z0.400 E16.43085 F800
G1 X100.589 Y106.670 Z0.400 E16.43205 F800
G1 X100.609 Y106.680 Z0.400 E16.43340 F800
G1 X100.569 Y106.690 Z0.400 E16.43587 F800
G1 X100.479 Y106.960 Z0.400 E16.45295 F800
G1 X100.489 Y106.980 Z0.400 E16.45429 F800
G1 X100.489 Y106.990 Z0.400 E16.45489 F800
G1 X100.509 Y107.000 Z0.400 E16.45623 F800
G1 X100.459 Y107.000 Z0.400 E16.45923 F800
G1 X100.419 Y107.280 Z0.400 E16.47620 F800
G1 X100.419 Y107.290 Z0.400 E16.47680 F800
G1 X100.619 Y107.370 Z0.400 E16.48972 F800
G1 X100.629 Y107.390 Z0.400 E16.49107 F800
G1 X100.609 Y107.410 Z0.400 E16.49276 F800
G1 X100.609 Y107.430 Z0.400 E16.49396 F800
G1 X100.639 Y107.430 Z0.400 E16.49576 F800
G1 X100.829 Y107.510 Z0.400 E16.50813 F800
G1 X100.859 Y107.490 Z0.400 E16.51030 F800
G1 X100.949 Y107.710 Z0.400 E16.52456 F800
G1 X101.009 Y107.710 Z0.400 E16.52816 F800
G1 X101.019 Y107.720 Z0.400 E16.52901 F800
G1 X101.199 Y107.920 Z0.400 E16.54515 F800
G1 X101.369 Y107.810 Z0.400 E16.55730 F800
G1 X101.489 Y107.780 Z0.400 E16.56472 F800
G1 X101.509 Y107.990 Z0.400 E16.57738 F800
G1 X101.559 Y108.060 Z0.400 E16.58254 F800
G1 X101.589 Y108.030 Z0.400 E16.58508 F800
G1 X101.599 Y108.010 Z0.400 E16.58643 F800
G1 X101.879 Y107.980 Z0.400 E16.60332 F800
G1 X101.899 Y107.920 Z0.400 E16.60712 F800
G1 X102.169 Y107.870 Z0.400 E16.62359 F800
G1 X102.189 Y107.890 Z0.400 E16.62529 F800
G1 X102.239 Y107.860 Z0.400 E16.62879 F800
G1 X102.549 Y107.830 Z0.400 E16.64748 F800
G1 X102.569 Y107.860 Z0.400 E16.64964 F800
G1 X102.619 Y107.800 Z0.400 E16.65432 F800
G1 X102.809 Y107.740 Z0.400 E16.66628 F800
G1 X103.029 Y107.630 Z0.400 E16.68104 F800
G1 X102.979 Y107.330 Z0.400 E16.69929 F800
G1 X102.909 Y107.340 Z0.400 E16.70353 F800
G1 X102.719 Y107.410 Z0.400 E16.71568 F800
G1 X102.599 Y107.170 Z0.400 E16.73178 F800
G1 X102.599 Y107.150 Z0.400 E16.73298 F800
G1 X102.299 Y107.280 Z0.400 E16.75259 F800
G1 X102.309 Y107.320 Z0.400 E16.75507 F800
G1 X102.079 Y107.480 Z0.400 E16.77188 F800
G1 X102.019 Y107.480 Z0.400 E16.77548 F800
G1 X101.729 Y107.600 Z0.400 E16.79431 F800
G1 X101.739 Y107.650 Z0.400 E16.79737 F800
G1 X101.529 Y107.290 Z0.400 E16.82238 F800
G1 X101.519 Y107.270 Z0.400 E16.82372 F800
G1 X101.489 Y107.260 Z0.400 E16.82561 F800
G1 X101.269 Y107.460 Z0.400 E16.84345 F800
G1 X101.249 Y107.510 Z0.400 E16.84669 F800
G1 X101.039 Y107.290 Z0.400 E16.86493 F800
G1 X101.019 Y107.300 Z0.400 E16.86628 F800
G1 X101.019 Y107.250 Z0.400 E16.86928 F800
G1 X101.009 Y107.250 Z0.400 E16.86988 F800
G1 X101.039 Y107.240 Z0.400 E16.87177 F800
G1 X100.809 Y107.150 Z0.400 E16.88659 F800
G1 X100.779 Y107.120 Z0.400 E16.88914 F800
G1 X100.799 Y107.100 Z0.400 E16.89083 F800
G1 X100.929 Y106.850 Z0.400 E16.90774 F800
G1 X100.949 Y106.840 Z0.400 E16.90908 F800
G1 X100.949 Y106.820 Z0.400 E16.91028 F800
G1 X100.949 Y106.810 Z0.400 E16.91088 F800
G1 X100.939 Y106.820 Z0.400 E16.91173 F800
G1 X100.929 Y106.810 Z0.400 E16.91258 F800
G1 X100.919 Y106.810 Z0.400 E16.91318 F800
G1 X100.919 Y106.790 Z0.400 E16.91438 F800
G1 X101.109 Y106.560 Z0.400 E16.93228 F800
G1 X101.119 Y106.560 Z0.400 E16.93288 F800
G1 X101.139 Y106.540 Z0.400 E16.93458 F800
G1 X101.089 Y106.530 Z0.400 E16.93764 F800
G1 X101.089 Y106.520 Z0.400 E16.93824 F800
G1 X101.079 Y106.530 Z0.400 E16.93908 F800
G1 X101.059 Y106.500 Z0.400 E16.94125 F800
G1 X100.689 Y106.380 Z0.400 E16.96459 F800
G1 X100.659 Y106.360 Z0.400 E16.96675 F800
G1 X100.679 Y106.340 Z0.400 E16.96845 F800
G1 X100.689 Y106.340 Z0.400 E16.96905 F800
G1 X100.699 Y106.340 Z0.400 E16.96965 F800
G1 X100.969 Y106.110 Z0.400 E16.99093 F800
G1 X100.969 Y106.100 Z0.400 E16.99153 F800
G1 X100.989 Y106.090 Z0.400 E16.99287 F800
G1 X100.989 Y106.080 Z0.400 E16.99347 F800
G1 X100.989 Y106.070 Z0.400 E16.99407 F800
G1 X100.999 Y106.080 Z0.400 E16.99492 F800
G1 X101.009 Y106.080 Z0.400 E16.99552 F800
G1 X101.019 Y106.080 Z0.400 E16.99612 F800
G1 X101.019 Y106.090 Z0.400 E16.99672 F800
G1 X101.009 Y106.090 Z0.400 E16.99732 F800
G1 X100.999 Y106.100 Z0.400 E16.99817 F800
G1 X101.029 Y106.060 Z0.400 E17.00117 F800
G1 X100.829 Y105.810 Z0.400 E17.02038 F800
G1 X100.809 Y105.790 Z0.400 E17.02207 F800
G1 X100.819 Y105.780 Z0.400 E17.02292 F800
G1 X100.819 Y105.770 Z0.400 E17.02352 F800
G1 X100.809 Y105.770 Z0.400 E17.02412 F800
G1 X100.839 Y105.780 Z0.400 E17.02602 F800
G1 X100.769 Y105.470 Z0.400 E17.04509 F800
G1 X100.749 Y105.440 Z0.400 E17.04725 F800
G1 X100.709 Y105.160 Z0.400 E17.06422 F800
G1 X100.689 Y105.120 Z0.400 E17.06690 F800
G1 X100.739 Y105.100 Z0.400 E17.07014 F800
G1 X100.749 Y105.140 Z0.400 E17.07261 F800
G1 X100.679 Y104.820 Z0.400 E17.09226 F800
G1 X100.619 Y104.510 Z0.400 E17.11121 F800
G1 X101.089 Y104.420 Z0.400 E17.13992 F800
G1 X101.109 Y104.440 Z0.400 E17.14162 F800
G1 X101.169 Y104.720 Z0.400 E17.15880 F800
G1 X101.219 Y105.050 Z0.400 E17.17882 F800
G1 X101.269 Y105.050 Z0.400 E17.18182 F800
G1 X101.259 Y105.080 Z0.400 E17.18372 F800
G1 X101.289 Y105.330 Z0.400 E17.19883 F800
G1 X101.319 Y105.360 Z0.400 E17.20138 F800
G1 X101.409 Y105.680 Z0.400 E17.22132 F800
G1 X101.419 Y105.690 Z0.400 E17.22217 F800
G1 X101.499 Y106.000 Z0.400 E17.24138 F800
G1 X101.509 Y106.000 Z0.400 E17.24198 F800
G1 X101.479 Y106.010 Z0.400 E17.24388 F800
G1 X101.779 Y106.230 Z0.400 E17.26620 F800
G1 X101.809 Y106.240 Z0.400 E17.26809 F800
G1 X101.839 Y106.210 Z0.400 E17.27064 F800
G1 X101.639 Y106.490 Z0.400 E17.29129 F800
G1 X101.609 Y106.510 Z0.400 E17.29345 F800
G1 X101.649 Y106.550 Z0.400 E17.29684 F800
G1 X101.429 Y106.740 Z0.400 E17.31428 F800
G1 X101.419 Y106.740 Z0.400 E17.31488 F800
G1 X101.419 Y106.760 Z0.400 E17.31608 F800
G1 X101.399 Y106.740 Z0.400 E17.31778 F800
G1 X101.449 Y106.780 Z0.400 E17.32162 F800
G1 X101.219 Y106.990 Z0.400 E17.34031 F800
G1 X101.239 Y107.020 Z0.400 E17.34247 F800
G1 X101.209 Y107.040 Z0.400 E17.34464 F800
G1 X101.739 Y107.050 Z0.400 E17.37644 F800
G1 X101.969 Y106.850 Z0.400 E17.39473 F800
G1 X101.989 Y106.850 Z0.400 E17.39593 F800
G1 X102.239 Y106.630 Z0.400 E17.41591 F800
G1 X102.249 Y106.640 Z0.400 E17.41676 F800
G1 X102.479 Y106.390 Z0.400 E17.43714 F800
G1 X102.479 Y106.380 Z0.400 E17.43774 F800
G1 X102.459 Y106.370 Z0.400 E17.43908 F800
G1 X102.229 Y106.120 Z0.400 E17.45947 F800
G1 X102.229 Y106.110 Z0.400 E17.46007 F800
G1 X102.199 Y106.140 Z0.400 E17.46261 F800
G1 X102.129 Y105.800 Z0.400 E17.48344 F800
G1 X101.989 Y105.500 Z0.400 E17.50330 F800
G1 X101.849 Y105.220 Z0.400 E17.52209 F800
G1 X101.779 Y104.880 Z0.400 E17.54291 F800
G1 X101.739 Y104.870 Z0.400 E17.54539 F800
G1 X101.659 Y104.590 Z0.400 E17.56286 F800
G1 X101.669 Y104.570 Z0.400 E17.56420 F800
G1 X101.559 Y104.260 Z0.400 E17.58394 F800
G1 X101.989 Y104.100 Z0.400 E17.61147 F800
G1 X102.119 Y104.400 Z0.400 E17.63108 F800
G1 X102.259 Y104.710 Z0.400 E17.65149 F800
G1 X102.439 Y104.970 Z0.400 E17.67047 F800
G1 X102.389 Y105.020 Z0.400 E17.67471 F800
G1 X102.549 Y105.290 Z0.400 E17.69354 F800
G1 X102.559 Y105.310 Z0.400 E17.69488 F800
G1 X102.689 Y105.530 Z0.400 E17.71021 F800
G1 X102.689 Y105.580 Z0.400 E17.71321 F800
G1 X102.829 Y105.840 Z0.400 E17.73093 F800
G1 X102.979 Y106.140 Z0.400 E17.75106 F800
G1 X102.949 Y106.160 Z0.400 E17.75322 F800
G1 X103.009 Y106.180 Z0.400 E17.75701 F800
G1 X103.019 Y106.190 Z0.400 E17.75786 F800
G1 X103.099 Y106.370 Z0.400 E17.76968 F800
G1 X103.199 Y106.340 Z0.400 E17.77595 F800
G1 X103.409 Y106.460 Z0.400 E17.79046 F800
G1 X103.609 Y106.380 Z0.400 E17.80338 F800
G1 X103.859 Y106.510 Z0.400 E17.82029 F800
G1 X103.999 Y106.480 Z0.400 E17.82888 F800
G1 X104.029 Y106.400 Z0.400 E17.83401 F800
G1 X104.159 Y106.360 Z0.400 E17.84217 F800
G1 X104.069 Y106.110 Z0.400 E17.85811 F800
G1 X103.919 Y106.190 Z0.400 E17.86831 F800
G1 X103.739 Y106.030 Z0.400 E17.88276 F800
G1 X103.689 Y106.030 Z0.400 E17.88576 F800
G1 X103.579 Y106.080 Z0.400 E17.89301 F800
G1 X103.549 Y105.850 Z0.400 E17.90693 F800
G1 X103.539 Y105.840 Z0.400 E17.90777 F800
G1 X103.389 Y105.580 Z0.400 E17.92578 F800
G1 X103.379 Y105.570 Z0.400 E17.92663 F800
G1 X103.369 Y105.550 Z0.400 E17.92797 F800
G1 X103.229 Y105.300 Z0.400 E17.94517 F800
G1 X103.219 Y105.290 Z0.400 E17.94601 F800
G1 X103.209 Y105.300 Z0.400 E17.94686 F800
G1 X103.239 Y105.290 Z0.400 E17.94876 F800
G1 X103.239 Y105.280 Z0.400 E17.94936 F800
G1 X103.249 Y105.280 Z0.400 E17.94996 F800
G1 X103.219 Y105.270 Z0.400 E17.95186 F800
G1 X103.059 Y105.030 Z0.400 E17.96916 F800
G1 X103.059 Y105.020 Z0.400 E17.96976 F800
G1 X103.059 Y105.010 Z0.400 E17.97036 F800
G1 X103.049 Y105.010 Z0.400 E17.97096 F800
G1 X103.049 Y105.000 Z0.400 E17.97156 F800
G1 X103.049 Y104.990 Z0.400 E17.97216 F800
G1 X103.059 Y104.990 Z0.400 E17.97276 F800
G1 X103.059 Y105.000 Z0.400 E17.97336 F800
G1 X103.069 Y105.000 Z0.400 E17.97396 F800
G1 X103.069 Y105.010 Z0.400 E17.97456 F800
G1 X103.079 Y105.010 Z0.400 E17.97516 F800
G1 X103.089 Y105.000 Z0.400 E17.97601 F800
G1 X103.089 Y104.970 Z0.400 E17.97781 F800
G1 X103.329 Y104.820 Z0.400 E17.99479 F800
G1 X103.339 Y104.810 Z0.400 E17.99564 F800
G1 X103.349 Y104.820 Z0.400 E17.99649 F800
G1 X103.369 Y104.800 Z0.400 E17.99819 F800
G1 X103.389 Y104.820 Z0.400 E17.99989 F800
G1 X103.359 Y104.770 Z0.400 E18.00338 F800
G1 X103.189 Y104.560 Z0.400 E18.01959 F800
G1 X103.169 Y104.560 Z0.400 E18.02079 F800
G1 X103.179 Y104.540 Z0.400 E18.02214 F800
G1 X102.899 Y104.700 Z0.400 E18.04149 F800
G1 X102.879 Y104.680 Z0.400 E18.04318 F800
G1 X102.719 Y104.450 Z0.400 E18.05999 F800
G1 X102.729 Y104.440 Z0.400 E18.06084 F800
G1 X102.559 Y104.160 Z0.400 E18.08050 F800
G1 X102.539 Y104.150 Z0.400 E18.08184 F800
G1 X102.799 Y103.990 Z0.400 E18.10015 F800
G1 X102.589 Y103.760 Z0.400 E18.11884 F800
G1 X102.389 Y103.850 Z0.400 E18.13200 F800
G1 X102.989 Y104.240 Z0.400 E18.17494 F800
G1 X103.409 Y103.950 Z0.400 E18.20556 F800
G1 X103.409 Y103.930 Z0.400 E18.20676 F800
G1 X103.419 Y103.930 Z0.400 E18.20736 F800
G1 X103.389 Y103.920 Z0.400 E18.20926 F800
G1 X103.219 Y103.660 Z0.400 E18.22790 F800
G1 X102.979 Y103.440 Z0.400 E18.24743 F800
G1 X103.269 Y103.120 Z0.400 E18.27334 F800
G1 X103.569 Y103.340 Z0.400 E18.29566 F800
G1 X103.809 Y103.600 Z0.400 E18.31689 F800
G1 X104.029 Y103.830 Z0.400 E18.33599 F800
G1 X104.029 Y103.840 Z0.400 E18.33659 F800
G1 X104.029 Y103.850 Z0.400 E18.33719 F800
G1 X104.299 Y104.040 Z0.400 E18.35700 F800
G1 X104.299 Y104.050 Z0.400 E18.35760 F800
G1 X104.479 Y104.260 Z0.400 E18.37420 F800
G1 X104.499 Y104.260 Z0.400 E18.37540 F800
G1 X104.529 Y104.250 Z0.400 E18.37729 F800
G1 X104.509 Y104.300 Z0.400 E18.38052 F800
G1 X104.689 Y104.450 Z0.400 E18.39458 F800
G1 X104.749 Y104.500 Z0.400 E18.39927 F800
G1 X104.739 Y104.530 Z0.400 E18.40117 F800
G1 X104.989 Y104.720 Z0.400 E18.42001 F800
G1 X105.129 Y104.870 Z0.400 E18.43232 F800
G1 X105.189 Y105.150 Z0.400 E18.44950 F800
G1 X105.019 Y105.410 Z0.400 E18.46814 F800
G1 X104.859 Y105.310 Z0.400 E18.47946 F800
G1 X104.799 Y105.590 Z0.400 E18.49664 F800
G1 X104.759 Y105.610 Z0.400 E18.49932 F800
G1 X104.569 Y105.470 Z0.400 E18.51348 F800
G1 X104.369 Y105.580 Z0.400 E18.52718 F800
G1 X104.479 Y105.840 Z0.400 E18.54412 F800
G1 X104.589 Y106.030 Z0.400 E18.55729 F800
G1 X104.579 Y106.050 Z0.400 E18.55863 F800
G1 X104.629 Y106.030 Z0.400 E18.56186 F800
G1 X104.759 Y105.980 Z0.400 E18.57022 F800
G1 X104.809 Y106.280 Z0.400 E18.58847 F800
G1 X104.799 Y106.320 Z0.400 E18.59094 F800
G1 X104.959 Y106.550 Z0.400 E18.60775 F800
G1 X105.019 Y106.570 Z0.400 E18.61155 F800
G1 X105.129 Y106.440 Z0.400 E18.62176 F800
G1 X105.389 Y106.650 Z0.400 E18.64182 F800
G1 X105.209 Y106.830 Z0.400 E18.65709 F800
G1 X105.389 Y107.040 Z0.400 E18.67369 F800
G1 X105.609 Y107.290 Z0.400 E18.69367 F800
G1 X105.549 Y107.380 Z0.400 E18.70016 F800
G1 X105.769 Y107.240 Z0.400 E18.71580 F800
G1 X105.929 Y107.460 Z0.400 E18.73213 F800
G1 X105.779 Y107.590 Z0.400 E18.74404 F800
G1 X106.019 Y107.850 Z0.400 E18.76527 F800
G1 X106.549 Y107.430 Z0.400 E18.80584 F800
G1 X106.309 Y107.190 Z0.400 E18.82620 F800
G1 X106.439 Y107.060 Z0.400 E18.83724 F800
G1 X106.089 Y106.960 Z0.400 E18.85908 F800
G1 X105.809 Y106.750 Z0.400 E18.88008 F800
G1 X105.639 Y106.420 Z0.400 E18.90235 F800
G1 X105.759 Y106.310 Z0.400 E18.91212 F800
G1 X105.539 Y106.090 Z0.400 E18.93078 F800
G1 X105.439 Y106.190 Z0.400 E18.93927 F800
G1 X105.259 Y105.950 Z0.400 E18.95727 F800
G1 X105.149 Y106.050 Z0.400 E18.96619 F800
G1 X105.029 Y105.710 Z0.400 E18.98782 F800
G1 X105.329 Y105.430 Z0.400 E19.01244 F800
G1 X105.439 Y105.340 Z0.400 E19.02097 F800
G1 X105.619 Y105.140 Z0.400 E19.03712 F800
G1 X105.699 Y104.950 Z0.400 E19.04948 F800
G1 X105.639 Y104.750 Z0.400 E19.06201 F800
G1 X105.479 Y104.890 Z0.400 E19.07477 F800
G1 X105.629 Y104.390 Z0.400 E19.10609 F800
G1 X105.909 Y104.440 Z0.400 E19.12316 F800
G1 X106.109 Y104.620 Z0.400 E19.13930 F800
G1 X106.289 Y104.820 Z0.400 E19.15544 F800
G1 X106.369 Y104.760 Z0.400 E19.16144 F800
G1 X106.619 Y104.940 Z0.400 E19.17993 F800
G1 X106.559 Y105.030 Z0.400 E19.18642 F800
G1 X106.849 Y105.210 Z0.400 E19.20690 F800
G1 X106.949 Y105.060 Z0.400 E19.21771 F800
G1 X107.079 Y105.370 Z0.400 E19.23788 F800
G1 X107.379 Y105.590 Z0.400 E19.26020 F800
G1 X107.689 Y105.710 Z0.400 E19.28015 F800
G1 X107.629 Y105.880 Z0.400 E19.29097 F800
G1 X107.999 Y105.910 Z0.400 E19.31324 F800
G1 X108.119 Y105.270 Z0.400 E19.35231 F800
G1 X108.289 Y104.950 Z0.400 E19.37405 F800
G1 X108.569 Y105.020 Z0.400 E19.39137 F800
G1 X107.939 Y104.750 Z0.400 E19.43249 F800
G1 X107.679 Y104.590 Z0.400 E19.45081 F800
G1 X107.479 Y104.820 Z0.400 E19.46910 F800
G1 X107.729 Y105.020 Z0.400 E19.48831 F800
G1 X107.319 Y104.540 Z0.400 E19.52618 F800
G1 X107.049 Y104.400 Z0.400 E19.54443 F800
G1 X106.709 Y104.290 Z0.400 E19.56587 F800
G1 X106.839 Y104.080 Z0.400 E19.58069 F800
G1 X106.559 Y103.940 Z0.400 E19.59947 F800
G1 X106.409 Y104.130 Z0.400 E19.61400 F800
G1 X106.289 Y103.840 Z0.400 E19.63283 F800
G1 X106.049 Y103.700 Z0.400 E19.64950 F800
G1 X105.899 Y103.620 Z0.400 E19.65970 F800
G1 X105.579 Y103.460 Z0.400 E19.68117 F800
G1 X105.349 Y103.230 Z0.400 E19.70068 F800
G1 X105.059 Y103.080 Z0.400 E19.72027 F800
G1 X105.009 Y103.060 Z0.400 E19.72350 F800
G1 X104.739 Y102.890 Z0.400 E19.74265 F800
G1 X104.419 Y102.740 Z0.400 E19.76385 F800
G1 X104.099 Y102.570 Z0.400 E19.78559 F800
G1 X103.899 Y102.390 Z0.400 E19.80174 F800
G1 X104.099 Y101.990 Z0.400 E19.82857 F800
G1 X104.409 Y101.590 Z0.400 E19.85893 F800
G1 X104.559 Y101.110 Z0.400 E19.88911 F800
G1 X104.589 Y100.620 Z0.400 E19.91856 F800
G1 X104.889 Y100.610 Z0.400 E19.93657 F800
G1 X105.219 Y100.740 Z0.400 E19.95785 F800
G1 X105.509 Y100.750 Z0.400 E19.97526 F800
G1 X105.809 Y100.790 Z0.400 E19.99342 F800
G1 X106.189 Y100.610 Z0.400 E20.01865 F800
G1 X106.389 Y100.390 Z0.400 E20.03649 F800
G1 X106.719 Y100.530 Z0.400 E20.05800 F800
G1 X106.499 Y100.750 Z0.400 E20.07667 F800
G1 X106.279 Y101.120 Z0.400 E20.10249 F800
G1 X106.119 Y101.150 Z0.400 E20.11226 F800
G1 X106.429 Y101.360 Z0.400 E20.13473 F800
G1 X106.729 Y101.200 Z0.400 E20.15513 F800
G1 X107.019 Y101.020 Z0.400 E20.17561 F800
G1 X107.219 Y100.820 Z0.400 E20.19258 F800
G1 X107.529 Y100.630 Z0.400 E20.21439 F800
G1 X107.369 Y100.300 Z0.400 E20.23640 F800
G1 X107.099 Y100.340 Z0.400 E20.25277 F800
G1 X106.989 Y99.950 Z0.400 E20.27709 F800
G1 X107.009 Y99.720 Z0.400 E20.29094 F800
G1 X107.259 Y99.920 Z0.400 E20.31015 F800
G1 X107.349 Y99.760 Z0.400 E20.32116 F800
G1 X107.419 Y99.420 Z0.400 E20.34199 F800
G1 X107.499 Y99.140 Z0.400 E20.35946 F800
G1 X107.259 Y98.990 Z0.400 E20.37644 F800
G1 X106.999 Y98.830 Z0.400 E20.39476 F800
G1 X106.679 Y98.640 Z0.400 E20.41709 F800
G1 X106.449 Y98.410 Z0.400 E20.43661 F800
G1 X106.349 Y98.100 Z0.400 E20.45615 F800
G1 X106.069 Y98.340 Z0.400 E20.47828 F800
G1 X106.059 Y98.330 Z0.400 E20.47913 F800
G1 X106.199 Y98.680 Z0.400 E20.50174 F800
G1 X105.879 Y98.990 Z0.400 E20.52848 F800
G1 X105.529 Y99.050 Z0.400 E20.54978 F800
G1 X105.229 Y99.110 Z0.400 E20.56814 F800
G1 X104.889 Y99.180 Z0.400 E20.58897 F800
G1 X104.519 Y99.200 Z0.400 E20.61120 F800
G1 X104.519 Y98.760 Z0.400 E20.63760 F800
G1 X104.999 Y98.580 Z0.400 E20.66836 F800
G1 X105.439 Y98.500 Z0.400 E20.69519 F800
G1 X105.669 Y98.430 Z0.400 E20.70962 F800
G1 X105.359 Y97.900 Z0.400 E20.74646 F800
G1 X105.129 Y97.710 Z0.400 E20.76436 F800
G1 X105.409 Y97.520 Z0.400 E20.78466 F800
G1 X105.719 Y97.380 Z0.400 E20.80507 F800
G1 X106.009 Y97.240 Z0.400 E20.82439 F800
G1 X106.099 Y97.260 Z0.400 E20.82992 F800
G1 X106.259 Y97.180 Z0.400 E20.84065 F800
G1 X106.439 Y97.480 Z0.400 E20.86164 F800
G1 X106.579 Y97.780 Z0.400 E20.88151 F800
G1 X106.769 Y98.020 Z0.400 E20.89987 F800
G1 X106.809 Y98.030 Z0.400 E20.90235 F800
G1 X107.009 Y98.310 Z0.400 E20.92299 F800
G1 X107.279 Y98.450 Z0.400 E20.94124 F800
G1 X107.479 Y98.270 Z0.400 E20.95739 F800
G1 X107.709 Y98.150 Z0.400 E20.97295 F800
G1 X107.539 Y97.880 Z0.400 E20.99210 F800
G1 X107.289 Y98.050 Z0.400 E21.01024 F800
G1 X107.279 Y98.040 Z0.400 E21.01108 F800
G1 X107.139 Y97.790 Z0.400 E21.02828 F800
G1 X106.889 Y97.500 Z0.400 E21.05125 F800
G1 X106.699 Y97.250 Z0.400 E21.07009 F800
G1 X106.649 Y96.940 Z0.400 E21.08893 F800
G1 X106.379 Y96.680 Z0.400 E21.11142 F800
G1 X106.599 Y96.520 Z0.400 E21.12774 F800
G1 X106.479 Y96.270 Z0.400 E21.14438 F800
G1 X106.129 Y96.310 Z0.400 E21.16552 F800
G1 X105.999 Y96.480 Z0.400 E21.17836 F800
G1 X105.719 Y96.650 Z0.400 E21.19801 F800
G1 X105.699 Y96.720 Z0.400 E21.20238 F800
G1 X105.429 Y96.810 Z0.400 E21.21946 F800
G1 X105.139 Y97.010 Z0.400 E21.24059 F800
G1 X104.909 Y97.130 Z0.400 E21.25616 F800
G1 X104.639 Y97.380 Z0.400 E21.27824 F800
G1 X104.339 Y97.460 Z0.400 E21.29686 F800
G1 X104.329 Y97.480 Z0.400 E21.29821 F800
G1 X104.029 Y97.660 Z0.400 E21.31920 F800
G1 X103.769 Y97.270 Z0.400 E21.34732 F800
G1 X103.799 Y97.220 Z0.400 E21.35082 F800
G1 X103.999 Y97.050 Z0.400 E21.36657 F800
G1 X104.299 Y96.870 Z0.400 E21.38756 F800
G1 X104.579 Y96.690 Z0.400 E21.40753 F800
G1 X104.599 Y96.700 Z0.400 E21.40887 F800
G1 X104.849 Y96.500 Z0.400 E21.42808 F800
G1 X105.129 Y96.290 Z0.400 E21.44908 F800
G1 X105.349 Y96.100 Z0.400 E21.46652 F800
G1 X105.579 Y95.900 Z0.400 E21.48481 F800
G1 X105.649 Y95.860 Z0.400 E21.48965 F800
G1 X105.799 Y95.850 Z0.400 E21.49867 F800
G1 X105.699 Y95.420 Z0.400 E21.52516 F800
G1 X105.579 Y95.410 Z0.400 E21.53238 F800
G1 X105.499 Y95.320 Z0.400 E21.53961 F800
G1 X105.249 Y95.250 Z0.400 E21.55518 F800
G1 X105.229 Y95.330 Z0.400 E21.56013 F800
G1 X105.229 Y95.390 Z0.400 E21.56373 F800
G1 X104.959 Y95.560 Z0.400 E21.58288 F800
G1 X104.949 Y95.570 Z0.400 E21.58372 F800
G1 X104.729 Y95.800 Z0.400 E21.60282 F800
G1 X104.689 Y95.820 Z0.400 E21.60550 F800
G1 X104.469 Y95.980 Z0.400 E21.62183 F800
G1 X104.469 Y96.030 Z0.400 E21.62483 F800
G1 X104.199 Y96.180 Z0.400 E21.64336 F800
G1 X104.199 Y96.240 Z0.400 E21.64696 F800
G1 X103.959 Y96.450 Z0.400 E21.66609 F800
G1 X103.719 Y96.590 Z0.400 E21.68276 F800
G1 X103.489 Y96.860 Z0.400 E21.70404 F800
G1 X103.149 Y96.500 Z0.400 E21.73376 F800
G1 X103.389 Y96.290 Z0.400 E21.75289 F800
G1 X103.389 Y96.260 Z0.400 E21.75469 F800
G1 X103.599 Y96.090 Z0.400 E21.77090 F800
G1 X103.619 Y96.080 Z0.400 E21.77224 F800
G1 X103.589 Y96.040 Z0.400 E21.77524 F800
G1 X103.809 Y95.820 Z0.400 E21.79391 F800
G1 X104.019 Y95.600 Z0.400 E21.81216 F800
G1 X104.259 Y95.370 Z0.400 E21.83210 F800
G1 X104.249 Y95.330 Z0.400 E21.83458 F800
G1 X104.259 Y95.320 Z0.400 E21.83543 F800
G1 X104.489 Y95.090 Z0.400 E21.85494 F800
G1 X104.679 Y94.890 Z0.400 E21.87149 F800
G1 X104.699 Y94.870 Z0.400 E21.87319 F800
G1 X104.699 Y94.860 Z0.400 E21.87379 F800
G1 X104.709 Y94.870 Z0.400 E21.87464 F800
G1 X104.729 Y94.850 Z0.400 E21.87634 F800
G1 X104.659 Y94.840 Z0.400 E21.88058 F800
G1 X104.869 Y94.720 Z0.400 E21.89509 F800
G1 X105.269 Y94.530 Z0.400 E21.92166 F800
G1 X105.179 Y94.280 Z0.400 E21.93760 F800
G1 X105.039 Y94.130 Z0.400 E21.94991 F800
G1 X105.029 Y94.100 Z0.400 E21.95181 F800
G1 X105.029 Y94.020 Z0.400 E21.95661 F800
G1 X105.239 Y93.900 Z0.400 E21.97112 F800
G1 X105.389 Y94.000 Z0.400 E21.98194 F800
G1 X105.699 Y93.850 Z0.400 E22.00260 F800
G1 X105.459 Y93.640 Z0.400 E22.02174 F800
G1 X105.729 Y93.450 Z0.400 E22.04155 F800
G1 X105.849 Y93.120 Z0.400 E22.06261 F800
G1 X106.069 Y93.330 Z0.400 E22.08086 F800
G1 X106.269 Y93.520 Z0.400 E22.09741 F800
G1 X106.519 Y93.760 Z0.400 E22.11821 F800
G1 X106.589 Y93.760 Z0.400 E22.12241 F800
G1 X106.749 Y93.530 Z0.400 E22.13922 F800
G1 X106.999 Y93.330 Z0.400 E22.15843 F800
G1 X107.199 Y93.060 Z0.400 E22.17859 F800
G1 X107.319 Y93.510 Z0.400 E22.20653 F800
G1 X107.479 Y93.880 Z0.400 E22.23072 F800
G1 X107.269 Y93.990 Z0.400 E22.24494 F800
G1 X107.019 Y93.810 Z0.400 E22.26343 F800
G1 X106.749 Y94.020 Z0.400 E22.28395 F800
G1 X106.969 Y94.230 Z0.400 E22.30220 F800
G1 X106.619 Y94.450 Z0.400 E22.32700 F800
G1 X106.499 Y94.240 Z0.400 E22.34151 F800
G1 X106.279 Y94.460 Z0.400 E22.36018 F800
G1 X106.149 Y94.640 Z0.400 E22.37350 F800
G1 X106.159 Y94.840 Z0.400 E22.38552 F800
G1 X106.169 Y94.910 Z0.400 E22.38976 F800
G1 X105.969 Y95.070 Z0.400 E22.40513 F800
G1 X105.819 Y95.060 Z0.400 E22.41415 F800
G1 X105.789 Y94.870 Z0.400 E22.42569 F800
G1 X105.489 Y94.800 Z0.400 E22.44417 F800
G1 X105.569 Y94.650 Z0.400 E22.45437 F800
G1 X105.849 Y94.470 Z0.400 E22.47435 F800
G1 X105.769 Y94.360 Z0.400 E22.48251 F800
G1 X106.069 Y94.230 Z0.400 E22.50212 F800
G1 X106.259 Y93.930 Z0.400 E22.52343 F800
G1 X106.439 Y94.660 Z0.400 E22.56854 F800
G1 X106.739 Y95.050 Z0.400 E22.59806 F800
G1 X106.519 Y95.280 Z0.400 E22.61716 F800
G1 X106.169 Y95.510 Z0.400 E22.64229 F800
G1 X106.339 Y95.840 Z0.400 E22.66456 F800
G1 X106.539 Y95.900 Z0.400 E22.67709 F800
G1 X106.779 Y95.700 Z0.400 E22.69583 F800
G1 X106.859 Y95.810 Z0.400 E22.70400 F800
G1 X107.099 Y95.570 Z0.400 E22.72436 F800
G1 X107.029 Y95.480 Z0.400 E22.73120 F800
G1 X107.349 Y95.390 Z0.400 E22.75115 F800
G1 X107.639 Y95.140 Z0.400 E22.77412 F800
G1 X107.899 Y95.060 Z0.400 E22.79044 F800
G1 X108.229 Y94.950 Z0.400 E22.81131 F800
G1 X108.449 Y94.640 Z0.400 E22.83412 F800
G1 X107.929 Y94.290 Z0.400 E22.87173 F800
G1 X107.779 Y94.640 Z0.400 E22.89458 F800
G1 X107.569 Y94.490 Z0.400 E22.91006 F800
G1 X107.279 Y94.650 Z0.400 E22.92993 F800
G1 X107.039 Y94.890 Z0.400 E22.95030 F800
G1 X107.689 Y95.850 Z0.400 E23.01986 F800
G1 X107.709 Y95.920 Z0.400 E23.02423 F800
G1 X107.769 Y96.170 Z0.400 E23.03965 F800
G1 X107.509 Y96.310 Z0.400 E23.05737 F800
G1 X107.379 Y96.050 Z0.400 E23.07481 F800
G1 X107.149 Y96.350 Z0.400 E23.09749 F800
G1 X106.939 Y96.580 Z0.400 E23.11618 F800
G1 X106.829 Y96.360 Z0.400 E23.13094 F800
G1 X107.099 Y96.980 Z0.400 E23.17151 F800
G1 X107.459 Y97.060 Z0.400 E23.19364 F800
G1 X107.739 Y96.850 Z0.400 E23.21464 F800
G1 X108.019 Y96.690 Z0.400 E23.23399 F800
G1 X108.149 Y97.040 Z0.400 E23.25639 F800
G1 X107.879 Y97.210 Z0.400 E23.27553 F800
G1 X107.319 Y97.440 Z0.400 E23.31186 F800
G1 X108.039 Y97.840 Z0.400 E23.36128 F800
G1 X108.359 Y97.640 Z0.400 E23.38392 F800
G1 X108.619 Y97.480 Z0.400 E23.40224 F800
G1 X108.899 Y97.390 Z0.400 E23.41988 F800
G1 X109.069 Y97.810 Z0.400 E23.44707 F800
G1 X108.659 Y97.900 Z0.400 E23.47225 F800
G1 X108.669 Y98.230 Z0.400 E23.49206 F800
G1 X108.679 Y98.600 Z0.400 E23.51427 F800
G1 X108.779 Y98.900 Z0.400 E23.53325 F800
G1 X108.429 Y98.910 Z0.400 E23.55425 F800
G1 X108.159 Y99.070 Z0.400 E23.57308 F800
G1 X107.989 Y99.130 Z0.400 E23.58390 F800
G1 X107.829 Y98.870 Z0.400 E23.60222 F800
G1 X107.499 Y98.730 Z0.400 E23.62373 F800
G1 X107.629 Y98.550 Z0.400 E23.63705 F800
G1 X107.879 Y98.440 Z0.400 E23.65344 F800
G1 X108.189 Y98.340 Z0.400 E23.67298 F800
G1 X108.269 Y98.570 Z0.400 E23.68759 F800
G1 X109.089 Y98.610 Z0.400 E23.73685 F800
G1 X109.139 Y98.340 Z0.400 E23.75333 F800
G1 X109.489 Y98.250 Z0.400 E23.77501 F800
G1 X109.809 Y98.190 Z0.400 E23.79454 F800
G1 X109.849 Y98.620 Z0.400 E23.82045 F800
G1 X109.569 Y98.850 Z0.400 E23.84220 F800
G1 X109.429 Y98.660 Z0.400 E23.85636 F800
G1 X109.209 Y99.030 Z0.400 E23.88218 F800
G1 X109.529 Y99.270 Z0.400 E23.90618 F800
G1 X109.769 Y99.630 Z0.400 E23.93214 F800
G1 X109.959 Y99.170 Z0.400 E23.96201 F800
G1 X109.759 Y100.160 Z0.400 E24.02261 F800
G1 X109.559 Y100.500 Z0.400 E24.04627 F800
G1 X109.339 Y100.680 Z0.400 E24.06333 F800
G1 X109.499 Y101.000 Z0.400 E24.08479 F800
G1 X109.929 Y100.810 Z0.400 E24.11300 F800
G1 X109.819 Y101.570 Z0.400 E24.15908 F800
G1 X109.469 Y101.550 Z0.400 E24.18011 F800
G1 X109.109 Y101.530 Z0.400 E24.20174 F800
G1 X109.079 Y101.230 Z0.400 E24.21983 F800
G1 X108.959 Y100.890 Z0.400 E24.24147 F800
G1 X108.609 Y100.930 Z0.400 E24.26260 F800
G1 X108.299 Y100.870 Z0.400 E24.28155 F800
G1 X108.009 Y100.710 Z0.400 E24.30142 F800
G1 X107.819 Y100.890 Z0.400 E24.31713 F800
G1 X107.679 Y101.260 Z0.400 E24.34086 F800
G1 X107.489 Y101.110 Z0.400 E24.35539 F800
G1 X107.269 Y101.350 Z0.400 E24.37492 F800
G1 X107.459 Y101.550 Z0.400 E24.39147 F800
G1 X107.279 Y101.850 Z0.400 E24.41246 F800
G1 X107.139 Y102.080 Z0.400 E24.42862 F800
G1 X106.919 Y102.350 Z0.400 E24.44952 F800
G1 X106.739 Y102.610 Z0.400 E24.46849 F800
G1 X106.629 Y102.880 Z0.400 E24.48598 F800
G1 X106.879 Y103.210 Z0.400 E24.51082 F800
G1 X106.789 Y103.400 Z0.400 E24.52344 F800
G1 X106.449 Y103.490 Z0.400 E24.54454 F800
G1 X106.249 Y103.050 Z0.400 E24.57354 F800
G1 X105.919 Y102.830 Z0.400 E24.59734 F800
G1 X105.569 Y102.700 Z0.400 E24.61974 F800
G1 X105.319 Y102.550 Z0.400 E24.63723 F800
G1 X105.009 Y102.360 Z0.400 E24.65905 F800
G1 X104.609 Y102.200 Z0.400 E24.68489 F800
G1 X105.059 Y101.790 Z0.400 E24.72142 F800
G1 X105.089 Y101.240 Z0.400 E24.75447 F800
G1 X105.629 Y101.380 Z0.400 E24.78794 F800
G1 X106.029 Y101.530 Z0.400 E24.81357 F800
G1 X106.299 Y101.710 Z0.400 E24.83304 F800
G1 X106.539 Y102.030 Z0.400 E24.85704 F800
G1 X106.609 Y102.060 Z0.400 E24.86161 F800
G1 X106.469 Y102.310 Z0.400 E24.87880 F800
G1 X106.179 Y102.220 Z0.400 E24.89702 F800
G1 X105.759 Y102.110 Z0.400 E24.92307 F800
G1 X106.799 Y101.800 Z0.400 E24.98819 F800
G1 X106.819 Y101.770 Z0.400 E24.99035 F800
G1 X107.009 Y101.650 Z0.400 E25.00383 F800
G1 X107.859 Y101.790 Z0.400 E25.05552 F800
G1 X107.879 Y101.790 Z0.400 E25.05672 F800
G1 X107.769 Y102.090 Z0.400 E25.07589 F800
G1 X107.639 Y102.330 Z0.400 E25.09227 F800
G1 X107.929 Y102.450 Z0.400 E25.11110 F800
G1 X108.249 Y102.550 Z0.400 E25.13121 F800
G1 X108.559 Y102.610 Z0.400 E25.15016 F800
G1 X108.839 Y102.730 Z0.400 E25.16844 F800
G1 X108.809 Y102.390 Z0.400 E25.18892 F800
G1 X109.029 Y102.140 Z0.400 E25.20890 F800
G1 X109.379 Y102.180 Z0.400 E25.23003 F800
G1 X109.639 Y102.350 Z0.400 E25.24867 F800
G1 X109.309 Y102.490 Z0.400 E25.27018 F800
G1 X109.199 Y102.820 Z0.400 E25.29105 F800
G1 X109.479 Y102.930 Z0.400 E25.30910 F800
G1 X108.969 Y103.430 Z0.400 E25.35196 F800
G1 X108.679 Y103.310 Z0.400 E25.37079 F800
G1 X108.329 Y103.260 Z0.400 E25.39200 F800
G1 X108.029 Y103.140 Z0.400 E25.41139 F800
G1 X107.709 Y103.000 Z0.400 E25.43234 F800
G1 X107.459 Y102.860 Z0.400 E25.44953 F800
G1 X107.519 Y102.670 Z0.400 E25.46149 F800
G1 X107.089 Y102.820 Z0.400 E25.48881 F800
G1 X107.249 Y103.320 Z0.400 E25.52031 F800
G1 X107.109 Y103.600 Z0.400 E25.53910 F800
G1 X107.069 Y103.640 Z0.400 E25.54249 F800
G1 X107.389 Y103.700 Z0.400 E25.56202 F800
G1 X107.529 Y103.500 Z0.400 E25.57667 F800
G1 X107.779 Y103.670 Z0.400 E25.59481 F800
G1 X107.629 Y103.900 Z0.400 E25.61129 F800
G1 X107.949 Y104.060 Z0.400 E25.63275 F800
G1 X108.229 Y104.210 Z0.400 E25.65181 F800
G1 X108.579 Y104.310 Z0.400 E25.67365 F800
G1 X108.879 Y104.400 Z0.400 E25.69245 F800
G1 X108.719 Y103.970 Z0.400 E25.71997 F800
G1 X108.429 Y103.870 Z0.400 E25.73838 F800
G1 X108.499 Y103.700 Z0.400 E25.74941 F800
G1 X108.069 Y103.760 Z0.400 E25.77546 F800
G1 X109.239 Y103.610 Z0.400 E25.84623 F800
G1 X108.339 Y102.240 Z0.400 E25.94458 F800
G1 X108.279 Y101.880 Z0.400 E25.96648 F800
G1 X108.539 Y101.600 Z0.400 E25.98941 F800
G1 X108.499 Y101.250 Z0.400 E26.01055 F800
G1 X108.139 Y101.170 Z0.400 E26.03267 F800
G1 X108.049 Y101.490 Z0.400 E26.05262 F800
G1 X108.689 Y101.920 Z0.400 E26.09888 F800
G1 X107.849 Y100.430 Z0.400 E26.20151 F800
G1 X107.699 Y100.180 Z0.400 E26.21900 F800
G1 X107.679 Y99.880 Z0.400 E26.23704 F800
G1 X107.719 Y99.450 Z0.400 E26.26295 F800
G1 X107.129 Y99.360 Z0.400 E26.29876 F800
G1 X106.759 Y99.240 Z0.400 E26.32210 F800
G1 X106.499 Y99.180 Z0.400 E26.33811 F800
G1 X106.509 Y99.120 Z0.400 E26.34176 F800
G1 X106.159 Y99.220 Z0.400 E26.36360 F800
G1 X106.349 Y99.600 Z0.400 E26.38909 F800
G1 X106.669 Y99.640 Z0.400 E26.40844 F800
G1 X106.659 Y99.960 Z0.400 E26.42765 F800
G1 X106.639 Y99.980 Z0.400 E26.42935 F800
G1 X106.339 Y99.940 Z0.400 E26.44751 F800
G1 X105.919 Y99.600 Z0.400 E26.47993 F800
G1 X105.599 Y99.610 Z0.400 E26.49914 F800
G1 X105.279 Y99.670 Z0.400 E26.51867 F800
G1 X104.959 Y99.640 Z0.400 E26.53796 F800
G1 X104.639 Y99.670 Z0.400 E26.55724 F800
G1 X104.729 Y100.150 Z0.400 E26.58654 F800
G1 X105.249 Y100.200 Z0.400 E26.61789 F800
G1 X105.799 Y100.210 Z0.400 E26.65089 F800
G1 X104.929 Y98.010 Z0.400 E26.79284 F800
G1 X104.559 Y98.030 Z0.400 E26.81507 F800
G1 X104.299 Y98.190 Z0.400 E26.83339 F800
G1 X105.849 Y97.740 Z0.400 E26.93023 F800
G1 X106.139 Y97.620 Z0.400 E26.94906 F800
G1 X108.439 Y96.880 Z0.400 E27.09403 F800
G1 X108.399 Y96.660 Z0.400 E27.10744 F800
G1 X108.639 Y96.490 Z0.400 E27.12509 F800
G1 X108.939 Y96.360 Z0.400 E27.14471 F800
G1 X109.289 Y96.250 Z0.400 E27.16672 F800
G1 X109.219 Y96.670 Z0.400 E27.19227 F800
G1 X108.779 Y96.830 Z0.400 E27.22036 F800
G1 X109.399 Y97.230 Z0.400 E27.26463 F800
G1 X109.459 Y97.640 Z0.400 E27.28949 F800
G1 X108.789 Y95.750 Z0.400 E27.40980 F800
G1 X108.549 Y95.500 Z0.400 E27.43060 F800
G1 X108.279 Y95.620 Z0.400 E27.44833 F800
G1 X108.349 Y95.860 Z0.400 E27.46333 F800
G1 X108.099 Y96.010 Z0.400 E27.48082 F800
G1 X107.919 Y95.760 Z0.400 E27.49930 F800
G1 X108.879 Y95.350 Z0.400 E27.56194 F800
G1 X107.729 Y93.670 Z0.400 E27.68409 F800
G1 X106.619 Y92.890 Z0.400 E27.76549 F800
G1 X106.439 Y93.190 Z0.400 E27.78648 F800
G1 X106.139 Y92.870 Z0.400 E27.81280 F800
G1 X106.279 Y92.610 Z0.400 E27.83052 F800
G1 X106.529 Y92.390 Z0.400 E27.85050 F800
G1 X105.829 Y92.250 Z0.400 E27.89333 F800
G1 X105.629 Y92.510 Z0.400 E27.91301 F800
G1 X105.389 Y92.730 Z0.400 E27.93254 F800
G1 X105.509 Y92.830 Z0.400 E27.94192 F800
G1 X105.299 Y93.010 Z0.400 E27.95851 F800
G1 X105.199 Y93.000 Z0.400 E27.96454 F800
G1 X104.949 Y92.810 Z0.400 E27.98338 F800
G1 X104.779 Y93.040 Z0.400 E28.00054 F800
G1 X104.789 Y93.080 Z0.400 E28.00302 F800
G1 X104.949 Y93.280 Z0.400 E28.01838 F800
G1 X105.109 Y93.350 Z0.400 E28.02886 F800
G1 X104.879 Y93.600 Z0.400 E28.04924 F800
G1 X104.799 Y93.550 Z0.400 E28.05491 F800
G1 X104.659 Y93.380 Z0.400 E28.06812 F800
G1 X104.609 Y93.400 Z0.400 E28.07135 F800
G1 X104.539 Y93.340 Z0.400 E28.07688 F800
G1 X104.439 Y93.640 Z0.400 E28.09586 F800
G1 X104.609 Y93.770 Z0.400 E28.10870 F800
G1 X104.289 Y93.800 Z0.400 E28.12798 F800
G1 X104.409 Y94.050 Z0.400 E28.14462 F800
G1 X104.349 Y94.170 Z0.400 E28.15267 F800
G1 X104.319 Y94.170 Z0.400 E28.15447 F800
G1 X104.319 Y94.180 Z0.400 E28.15507 F800
G1 X104.329 Y94.200 Z0.400 E28.15641 F800
G1 X104.329 Y94.210 Z0.400 E28.15701 F800
G1 X104.289 Y94.160 Z0.400 E28.16085 F800
G1 X104.269 Y94.080 Z0.400 E28.16580 F800
G1 X104.279 Y94.260 Z0.400 E28.17662 F800
G1 X104.169 Y94.370 Z0.400 E28.18595 F800
G1 X104.169 Y94.380 Z0.400 E28.18655 F800
G1 X104.169 Y94.410 Z0.400 E28.18835 F800
G1 X104.199 Y94.410 Z0.400 E28.19015 F800
G1 X104.499 Y94.360 Z0.400 E28.20840 F800
G1 X104.509 Y94.380 Z0.400 E28.20974 F800
G1 X104.879 Y94.260 Z0.400 E28.23308 F800
G1 X103.999 Y94.710 Z0.400 E28.29238 F800
G1 X103.969 Y94.670 Z0.400 E28.29538 F800
G1 X103.959 Y94.670 Z0.400 E28.29598 F800
G1 X103.829 Y94.920 Z0.400 E28.31289 F800
G1 X103.769 Y94.900 Z0.400 E28.31668 F800
G1 X103.759 Y94.940 Z0.400 E28.31916 F800
G1 X103.589 Y95.180 Z0.400 E28.33680 F800
G1 X103.549 Y95.160 Z0.400 E28.33949 F800
G1 X103.359 Y95.420 Z0.400 E28.35881 F800
G1 X103.209 Y95.680 Z0.400 E28.37682 F800
G1 X103.179 Y95.680 Z0.400 E28.37862 F800
G1 X102.989 Y95.970 Z0.400 E28.39942 F800
G1 X102.809 Y96.240 Z0.400 E28.41889 F800
G1 X102.389 Y95.960 Z0.400 E28.44918 F800
G1 X102.399 Y95.930 Z0.400 E28.45107 F800
G1 X102.549 Y95.660 Z0.400 E28.46961 F800
G1 X102.609 Y95.670 Z0.400 E28.47326 F800
G1 X102.729 Y95.410 Z0.400 E28.49044 F800
G1 X102.789 Y95.400 Z0.400 E28.49409 F800
G1 X102.899 Y95.110 Z0.400 E28.51270 F800
G1 X102.939 Y95.110 Z0.400 E28.51510 F800
G1 X103.079 Y94.840 Z0.400 E28.53334 F800
G1 X103.069 Y94.830 Z0.400 E28.53419 F800
G1 X103.229 Y94.550 Z0.400 E28.55354 F800
G1 X103.239 Y94.540 Z0.400 E28.55439 F800
G1 X103.249 Y94.540 Z0.400 E28.55499 F800
G1 X103.259 Y94.540 Z0.400 E28.55559 F800
G1 X103.259 Y94.510 Z0.400 E28.55739 F800
G1 X103.409 Y94.290 Z0.400 E28.57337 F800
G1 X103.419 Y94.290 Z0.400 E28.57397 F800
G1 X103.419 Y94.280 Z0.400 E28.57457 F800
G1 X103.409 Y94.270 Z0.400 E28.57542 F800
G1 X103.409 Y94.260 Z0.400 E28.57602 F800
G1 X103.419 Y94.260 Z0.400 E28.57662 F800
G1 X103.419 Y94.250 Z0.400 E28.57722 F800
G1 X103.409 Y94.240 Z0.400 E28.57806 F800
G1 X103.439 Y94.280 Z0.400 E28.58106 F800
G1 X103.429 Y94.300 Z0.400 E28.58241 F800
G1 X103.579 Y94.040 Z0.400 E28.60042 F800
G1 X103.609 Y93.980 Z0.400 E28.60444 F800
G1 X103.719 Y93.810 Z0.400 E28.61659 F800
G1 X103.719 Y93.800 Z0.400 E28.61719 F800
G1 X103.739 Y93.780 Z0.400 E28.61889 F800
G1 X103.749 Y93.750 Z0.400 E28.62078 F800
G1 X103.749 Y93.820 Z0.400 E28.62498 F800
G1 X103.739 Y93.820 Z0.400 E28.62558 F800
G1 X103.839 Y93.660 Z0.400 E28.63691 F800
G1 X103.589 Y93.490 Z0.400 E28.65504 F800
G1 X103.449 Y93.260 Z0.400 E28.67120 F800
G1 X103.329 Y93.030 Z0.400 E28.68677 F800
G1 X103.219 Y92.960 Z0.400 E28.69459 F800
G1 X103.019 Y92.870 Z0.400 E28.70775 F800
G1 X102.909 Y92.810 Z0.400 E28.71527 F800
G1 X102.879 Y92.810 Z0.400 E28.71707 F800
G1 X102.879 Y92.820 Z0.400 E28.71767 F800
G1 X102.869 Y92.820 Z0.400 E28.71827 F800
G1 X102.859 Y92.800 Z0.400 E28.71961 F800
G1 X102.889 Y92.740 Z0.400 E28.72363 F800
G1 X103.129 Y92.590 Z0.400 E28.74061 F800
G1 X103.209 Y92.520 Z0.400 E28.74699 F800
G1 X103.409 Y92.690 Z0.400 E28.76274 F800
G1 X103.489 Y92.360 Z0.400 E28.78311 F800
G1 X103.289 Y92.240 Z0.400 E28.79711 F800
G1 X103.309 Y91.970 Z0.400 E28.81335 F800
G1 X103.449 Y91.970 Z0.400 E28.82175 F800
G1 X103.679 Y92.110 Z0.400 E28.83791 F800
G1 X103.809 Y92.180 Z0.400 E28.84677 F800
G1 X103.839 Y91.820 Z0.400 E28.86844 F800
G1 X103.799 Y91.790 Z0.400 E28.87144 F800
G1 X103.549 Y91.670 Z0.400 E28.88808 F800
G1 X103.469 Y91.590 Z0.400 E28.89487 F800
G1 X103.639 Y91.350 Z0.400 E28.91252 F800
G1 X103.579 Y91.270 Z0.400 E28.91852 F800
G1 X103.739 Y91.070 Z0.400 E28.93388 F800
G1 X103.879 Y90.720 Z0.400 E28.95650 F800
G1 X104.289 Y90.910 Z0.400 E28.98361 F800
G1 X104.159 Y91.190 Z0.400 E29.00214 F800
G1 X104.119 Y91.570 Z0.400 E29.02506 F800
G1 X103.949 Y91.510 Z0.400 E29.03588 F800
G1 X104.309 Y91.990 Z0.400 E29.07188 F800
G1 X104.419 Y92.090 Z0.400 E29.08080 F800
G1 X104.669 Y92.210 Z0.400 E29.09744 F800
G1 X104.669 Y92.240 Z0.400 E29.09924 F800
G1 X104.819 Y91.970 Z0.400 E29.11777 F800
G1 X104.849 Y91.920 Z0.400 E29.12127 F800
G1 X104.969 Y91.700 Z0.400 E29.13630 F800
G1 X104.629 Y91.760 Z0.400 E29.15702 F800
G1 X104.669 Y91.480 Z0.400 E29.17399 F800
G1 X104.549 Y91.420 Z0.400 E29.18204 F800
G1 X104.839 Y91.190 Z0.400 E29.20425 F800
G1 X105.189 Y91.410 Z0.400 E29.22905 F800
G1 X105.499 Y91.990 Z0.400 E29.26851 F800
G1 X105.339 Y92.260 Z0.400 E29.28734 F800
G1 X105.159 Y92.550 Z0.400 E29.30782 F800
G1 X104.459 Y92.470 Z0.400 E29.35009 F800
G1 X104.199 Y92.380 Z0.400 E29.36660 F800
G1 X104.079 Y92.660 Z0.400 E29.38488 F800
G1 X104.019 Y92.640 Z0.400 E29.38867 F800
G1 X103.919 Y92.610 Z0.400 E29.39494 F800
G1 X103.799 Y92.880 Z0.400 E29.41267 F800
G1 X103.939 Y92.920 Z0.400 E29.42140 F800
G1 X103.919 Y92.970 Z0.400 E29.42463 F800
G1 X104.089 Y93.050 Z0.400 E29.43591 F800
G1 X104.099 Y93.070 Z0.400 E29.43725 F800
G1 X104.139 Y93.040 Z0.400 E29.44025 F800
G1 X104.299 Y92.780 Z0.400 E29.45857 F800
G1 X104.329 Y92.800 Z0.400 E29.46073 F800
G1 X103.989 Y93.330 Z0.400 E29.49851 F800
G1 X103.969 Y93.360 Z0.400 E29.50067 F800
G1 X103.949 Y93.340 Z0.400 E29.50237 F800
G1 X103.819 Y93.260 Z0.400 E29.51153 F800
G1 X103.789 Y93.220 Z0.400 E29.51453 F800
G1 X103.209 Y93.480 Z0.400 E29.55267 F800
G1 X103.189 Y93.480 Z0.400 E29.55387 F800
G1 X103.189 Y93.490 Z0.400 E29.55447 F800
G1 X103.199 Y93.500 Z0.400 E29.55531 F800
G1 X103.199 Y93.510 Z0.400 E29.55591 F800
G1 X103.159 Y93.500 Z0.400 E29.55839 F800
G1 X103.009 Y93.660 Z0.400 E29.57155 F800
G1 X103.019 Y93.670 Z0.400 E29.57240 F800
G1 X103.009 Y93.680 Z0.400 E29.57324 F800
G1 X103.009 Y93.690 Z0.400 E29.57384 F800
G1 X102.999 Y93.700 Z0.400 E29.57469 F800
G1 X102.979 Y93.690 Z0.400 E29.57603 F800
G1 X102.979 Y93.680 Z0.400 E29.57663 F800
G1 X102.989 Y93.680 Z0.400 E29.57723 F800
G1 X102.989 Y93.670 Z0.400 E29.57783 F800
G1 X102.999 Y93.670 Z0.400 E29.57843 F800
G1 X103.029 Y93.680 Z0.400 E29.58033 F800
G1 X102.869 Y93.970 Z0.400 E29.60020 F800
G1 X102.869 Y93.990 Z0.400 E29.60140 F800
G1 X102.859 Y93.990 Z0.400 E29.60200 F800
G1 X102.849 Y93.980 Z0.400 E29.60285 F800
G1 X102.849 Y93.960 Z0.400 E29.60405 F800
G1 X102.839 Y93.960 Z0.400 E29.60465 F800
G1 X102.829 Y93.960 Z0.400 E29.60525 F800
G1 X102.829 Y93.950 Z0.400 E29.60585 F800
G1 X102.819 Y93.950 Z0.400 E29.60645 F800
G1 X102.689 Y94.220 Z0.400 E29.62443 F800
G1 X102.699 Y94.230 Z0.400 E29.62528 F800
G1 X102.689 Y94.260 Z0.400 E29.62718 F800
G1 X102.709 Y94.270 Z0.400 E29.62852 F800
G1 X102.719 Y94.260 Z0.400 E29.62937 F800
G1 X102.729 Y94.260 Z0.400 E29.62997 F800
G1 X102.729 Y94.280 Z0.400 E29.63117 F800
G1 X102.569 Y94.520 Z0.400 E29.64848 F800
G1 X102.579 Y94.550 Z0.400 E29.65037 F800
G1 X102.589 Y94.560 Z0.400 E29.65122 F800
G1 X102.569 Y94.570 Z0.400 E29.65256 F800
G1 X102.569 Y94.580 Z0.400 E29.65316 F800
G1 X102.539 Y94.540 Z0.400 E29.65616 F800
G1 X102.249 Y94.430 Z0.400 E29.67477 F800
G1 X102.249 Y94.410 Z0.400 E29.67597 F800
G1 X102.239 Y94.400 Z0.400 E29.67682 F800
G1 X102.259 Y94.400 Z0.400 E29.67802 F800
G1 X102.229 Y94.370 Z0.400 E29.68057 F800
G1 X102.339 Y94.130 Z0.400 E29.69641 F800
G1 X102.359 Y94.130 Z0.400 E29.69761 F800
G1 X102.369 Y94.130 Z0.400 E29.69821 F800
G1 X102.369 Y94.120 Z0.400 E29.69881 F800
G1 X102.369 Y94.110 Z0.400 E29.69941 F800
G1 X102.379 Y94.110 Z0.400 E29.70001 F800
G1 X102.379 Y94.100 Z0.400 E29.70061 F800
G1 X102.379 Y94.120 Z0.400 E29.70181 F800
G1 X102.369 Y94.140 Z0.400 E29.70315 F800
G1 X102.359 Y94.140 Z0.400 E29.70375 F800
G1 X102.359 Y94.090 Z0.400 E29.70675 F800
G1 X102.419 Y94.130 Z0.400 E29.71108 F800
G1 X102.479 Y93.830 Z0.400 E29.72943 F800
G1 X102.489 Y93.820 Z0.400 E29.73028 F800
G1 X102.499 Y93.820 Z0.400 E29.73088 F800
G1 X102.499 Y93.830 Z0.400 E29.73148 F800
G1 X102.509 Y93.830 Z0.400 E29.73208 F800
G1 X102.509 Y93.810 Z0.400 E29.73328 F800
G1 X102.499 Y93.810 Z0.400 E29.73388 F800
G1 X102.499 Y93.800 Z0.400 E29.73448 F800
G1 X102.499 Y93.790 Z0.400 E29.73508 F800
G1 X102.509 Y93.790 Z0.400 E29.73568 F800
G1 X102.489 Y93.790 Z0.400 E29.73688 F800
G1 X102.489 Y93.800 Z0.400 E29.73748 F800
G1 X102.479 Y93.800 Z0.400 E29.73808 F800
G1 X102.479 Y93.810 Z0.400 E29.73868 F800
G1 X102.489 Y93.810 Z0.400 E29.73928 F800
G1 X102.459 Y93.800 Z0.400 E29.74118 F800
G1 X102.459 Y93.770 Z0.400 E29.74298 F800
G1 X102.609 Y93.540 Z0.400 E29.75945 F800
G1 X102.609 Y93.520 Z0.400 E29.76065 F800
G1 X102.619 Y93.520 Z0.400 E29.76125 F800
G1 X102.619 Y93.510 Z0.400 E29.76185 F800
G1 X102.619 Y93.500 Z0.400 E29.76245 F800
G1 X102.619 Y93.490 Z0.400 E29.76305 F800
G1 X102.609 Y93.490 Z0.400 E29.76365 F800
G1 X102.599 Y93.490 Z0.400 E29.76425 F800
G1 X102.599 Y93.480 Z0.400 E29.76485 F800
G1 X102.609 Y93.470 Z0.400 E29.76570 F800
G1 X102.629 Y93.490 Z0.400 E29.76740 F800
G1 X102.629 Y93.500 Z0.400 E29.76800 F800
G1 X102.629 Y93.510 Z0.400 E29.76860 F800
G1 X102.639 Y93.510 Z0.400 E29.76920 F800
G1 X102.639 Y93.500 Z0.400 E29.76980 F800
G1 X102.639 Y93.490 Z0.400 E29.77040 F800
G1 X102.639 Y93.520 Z0.400 E29.77220 F800
G1 X102.639 Y93.530 Z0.400 E29.77280 F800
G1 X102.649 Y93.530 Z0.400 E29.77340 F800
G1 X102.599 Y93.520 Z0.400 E29.77646 F800
G1 X102.599 Y93.510 Z0.400 E29.77706 F800
G1 X102.579 Y93.520 Z0.400 E29.77840 F800
G1 X102.469 Y93.420 Z0.400 E29.78732 F800
G1 X102.449 Y93.430 Z0.400 E29.78866 F800
G1 X102.429 Y93.430 Z0.400 E29.78986 F800
G1 X102.429 Y93.440 Z0.400 E29.79046 F800
G1 X102.429 Y93.450 Z0.400 E29.79106 F800
G1 X102.409 Y93.450 Z0.400 E29.79226 F800
G1 X102.409 Y93.460 Z0.400 E29.79286 F800
G1 X102.409 Y93.440 Z0.400 E29.79406 F800
G1 X102.409 Y93.410 Z0.400 E29.79586 F800
G1 X102.419 Y93.410 Z0.400 E29.79646 F800
G1 X102.429 Y93.490 Z0.400 E29.80130 F800
G1 X102.569 Y93.280 Z0.400 E29.81644 F800
G1 X102.569 Y93.260 Z0.400 E29.81764 F800
G1 X102.589 Y93.270 Z0.400 E29.81898 F800
G1 X102.589 Y93.280 Z0.400 E29.81958 F800
G1 X102.599 Y93.280 Z0.400 E29.82018 F800
G1 X102.599 Y93.270 Z0.400 E29.82078 F800
G1 X102.609 Y93.270 Z0.400 E29.82138 F800
G1 X102.599 Y93.290 Z0.400 E29.82272 F800
G1 X102.599 Y93.250 Z0.400 E29.82512 F800
G1 X102.599 Y93.240 Z0.400 E29.82572 F800
G1 X102.579 Y93.220 Z0.400 E29.82742 F800
G1 X102.339 Y93.090 Z0.400 E29.84380 F800
G1 X102.349 Y93.010 Z0.400 E29.84864 F800
G1 X102.079 Y92.880 Z0.400 E29.86662 F800
G1 X102.089 Y92.840 Z0.400 E29.86909 F800
G1 X101.819 Y92.670 Z0.400 E29.88823 F800
G1 X101.789 Y92.680 Z0.400 E29.89013 F800
G1 X101.569 Y92.520 Z0.400 E29.90645 F800
G1 X101.549 Y92.440 Z0.400 E29.91140 F800
G1 X101.289 Y92.210 Z0.400 E29.93223 F800
G1 X101.039 Y92.000 Z0.400 E29.95182 F800
G1 X101.159 Y91.810 Z0.400 E29.96530 F800
G1 X101.249 Y91.600 Z0.400 E29.97901 F800
G1 X101.309 Y91.340 Z0.400 E29.99502 F800
G1 X101.369 Y91.240 Z0.400 E30.00202 F800
G1 X101.309 Y91.060 Z0.400 E30.01340 F800
G1 X101.279 Y90.860 Z0.400 E30.02554 F800
G1 X101.189 Y90.610 Z0.400 E30.04148 F800
G1 X101.269 Y90.380 Z0.400 E30.05609 F800
G1 X101.029 Y90.320 Z0.400 E30.07093 F800
G1 X100.999 Y90.010 Z0.400 E30.08962 F800
G1 X101.309 Y90.040 Z0.400 E30.10831 F800
G1 X101.879 Y90.460 Z0.400 E30.15079 F800
G1 X101.849 Y90.790 Z0.400 E30.17067 F800
G1 X101.589 Y90.760 Z0.400 E30.18637 F800
G1 X101.669 Y91.070 Z0.400 E30.20558 F800
G1 X101.949 Y91.130 Z0.400 E30.22276 F800
G1 X101.939 Y91.400 Z0.400 E30.23897 F800
G1 X101.849 Y91.620 Z0.400 E30.25324 F800
G1 X101.609 Y91.620 Z0.400 E30.26764 F800
G1 X101.639 Y91.380 Z0.400 E30.28215 F800
G1 X101.669 Y91.370 Z0.400 E30.28405 F800
G1 X101.479 Y91.880 Z0.400 E30.31670 F800
G1 X101.769 Y92.120 Z0.400 E30.33929 F800
G1 X102.089 Y92.230 Z0.400 E30.35959 F800
G1 X102.359 Y92.380 Z0.400 E30.37812 F800
G1 X102.639 Y92.530 Z0.400 E30.39718 F800
G1 X102.759 Y92.410 Z0.400 E30.40736 F800
G1 X102.809 Y92.050 Z0.400 E30.42917 F800
G1 X102.499 Y91.950 Z0.400 E30.44871 F800
G1 X102.229 Y91.790 Z0.400 E30.46754 F800
G1 X102.259 Y91.560 Z0.400 E30.48146 F800
G1 X102.579 Y91.630 Z0.400 E30.50111 F800
G1 X102.599 Y91.650 Z0.400 E30.50281 F800
G1 X102.879 Y91.730 Z0.400 E30.52028 F800
G1 X102.969 Y91.420 Z0.400 E30.53965 F800
G1 X103.059 Y91.090 Z0.400 E30.56018 F800
G1 X103.219 Y90.870 Z0.400 E30.57650 F800
G1 X103.319 Y90.550 Z0.400 E30.59661 F800
G1 X102.979 Y90.410 Z0.400 E30.61867 F800
G1 X102.879 Y90.700 Z0.400 E30.63708 F800
G1 X102.759 Y91.030 Z0.400 E30.65815 F800
G1 X102.629 Y91.310 Z0.400 E30.67667 F800
G1 X102.209 Y90.860 Z0.400 E30.71360 F800
G1 X102.319 Y90.550 Z0.400 E30.73334 F800
G1 X102.359 Y90.220 Z0.400 E30.75328 F800
G1 X102.009 Y90.150 Z0.400 E30.77470 F800
G1 X100.919 Y90.770 Z0.400 E30.84994 F800
G1 X100.959 Y90.980 Z0.400 E30.86277 F800
G1 X100.969 Y91.160 Z0.400 E30.87358 F800
G1 X100.969 Y91.350 Z0.400 E30.88498 F800
G1 X100.949 Y91.470 Z0.400 E30.89228 F800
G1 X100.899 Y91.710 Z0.400 E30.90699 F800
G1 X100.819 Y91.910 Z0.400 E30.91992 F800
G1 X100.589 Y91.910 Z0.400 E30.93372 F800
G1 X100.419 Y92.130 Z0.400 E30.95040 F800
G1 X100.579 Y92.390 Z0.400 E30.96872 F800
G1 X100.599 Y92.410 Z0.400 E30.97041 F800
G1 X100.379 Y92.520 Z0.400 E30.98517 F800
G1 X100.349 Y92.530 Z0.400 E30.98707 F800
G1 X100.109 Y92.560 Z0.400 E31.00158 F800
G1 X100.089 Y92.560 Z0.400 E31.00278 F800
G1 X100.079 Y92.530 Z0.400 E31.00468 F800
G1 X99.829 Y92.580 Z0.400 E31.01997 F800
G1 X99.819 Y92.480 Z0.400 E31.02600 F800
G1 X99.619 Y92.510 Z0.400 E31.03814 F800
G1 X99.699 Y92.270 Z0.400 E31.05332 F800
G1 X99.479 Y92.160 Z0.400 E31.06808 F800
G1 X99.359 Y92.350 Z0.400 E31.08156 F800
G1 X99.059 Y92.220 Z0.400 E31.10118 F800
G1 X99.089 Y92.130 Z0.400 E31.10687 F800
G1 X98.869 Y92.060 Z0.400 E31.12072 F800
G1 X98.739 Y91.860 Z0.400 E31.13503 F800
G1 X98.779 Y91.830 Z0.400 E31.13803 F800
G1 X98.749 Y91.700 Z0.400 E31.14604 F800
G1 X98.669 Y91.630 Z0.400 E31.15242 F800
G1 X98.639 Y91.360 Z0.400 E31.16872 F800
G1 X98.639 Y91.340 Z0.400 E31.16992 F800
G1 X98.589 Y91.060 Z0.400 E31.18698 F800
G1 X98.889 Y91.140 Z0.400 E31.20561 F800
G1 X98.999 Y91.080 Z0.400 E31.21313 F800
G1 X98.989 Y90.860 Z0.400 E31.22634 F800
G1 X99.149 Y90.620 Z0.400 E31.24365 F800
G1 X99.249 Y90.420 Z0.400 E31.25706 F800
G1 X99.399 Y90.330 Z0.400 E31.26756 F800
G1 X99.639 Y90.270 Z0.400 E31.28240 F800
G1 X99.859 Y90.140 Z0.400 E31.29774 F800
G1 X99.629 Y89.970 Z0.400 E31.31490 F800
G1 X99.029 Y89.970 Z0.400 E31.35090 F800
G1 X98.939 Y90.320 Z0.400 E31.37258 F800
G1 X98.739 Y90.470 Z0.400 E31.38758 F800
G1 X98.669 Y90.750 Z0.400 E31.40490 F800
G1 X98.409 Y90.660 Z0.400 E31.42140 F800
G1 X98.349 Y90.750 Z0.400 E31.42789 F800
G1 X98.269 Y91.040 Z0.400 E31.44594 F800
G1 X97.959 Y91.120 Z0.400 E31.46515 F800
G1 X97.929 Y91.430 Z0.400 E31.48384 F800
G1 X97.689 Y91.550 Z0.400 E31.49994 F800
G1 X97.639 Y91.530 Z0.400 E31.50317 F800
G1 X97.359 Y91.650 Z0.400 E31.52145 F800
G1 X97.109 Y91.740 Z0.400 E31.53739 F800
G1 X97.209 Y92.050 Z0.400 E31.55694 F800
G1 X97.409 Y91.950 Z0.400 E31.57035 F800
G1 X97.399 Y91.930 Z0.400 E31.57169 F800
G1 X97.739 Y91.920 Z0.400 E31.59210 F800
G1 X98.029 Y91.860 Z0.400 E31.60987 F800
G1 X98.199 Y92.160 Z0.400 E31.63056 F800
G1 X98.199 Y92.180 Z0.400 E31.63176 F800
G1 X97.949 Y92.310 Z0.400 E31.64867 F800
G1 X97.889 Y92.280 Z0.400 E31.65269 F800
G1 X97.619 Y92.440 Z0.400 E31.67152 F800
G1 X97.349 Y92.620 Z0.400 E31.69099 F800
G1 X97.259 Y92.390 Z0.400 E31.70581 F800
G1 X97.239 Y92.370 Z0.400 E31.70751 F800
G1 X97.229 Y92.340 Z0.400 E31.70941 F800
G1 X97.189 Y92.390 Z0.400 E31.71325 F800
G1 X97.079 Y92.770 Z0.400 E31.73698 F800
G1 X96.919 Y92.820 Z0.400 E31.74704 F800
G1 X96.649 Y92.940 Z0.400 E31.76477 F800
G1 X96.629 Y92.990 Z0.400 E31.76800 F800
G1 X96.849 Y93.120 Z0.400 E31.78333 F800
G1 X97.049 Y93.260 Z0.400 E31.79798 F800
G1 X97.029 Y93.290 Z0.400 E31.80014 F800
G1 X97.069 Y93.230 Z0.400 E31.80447 F800
G1 X97.359 Y93.240 Z0.400 E31.82188 F800
G1 X97.379 Y93.330 Z0.400 E31.82741 F800
G1 X97.429 Y93.310 Z0.400 E31.83064 F800
G1 X97.529 Y93.400 Z0.400 E31.83872 F800
G1 X97.539 Y93.420 Z0.400 E31.84006 F800
G1 X97.499 Y93.470 Z0.400 E31.84390 F800
G1 X97.149 Y93.580 Z0.400 E31.86591 F800
G1 X97.139 Y93.570 Z0.400 E31.86676 F800
G1 X97.259 Y93.820 Z0.400 E31.88340 F800
G1 X97.229 Y93.880 Z0.400 E31.88742 F800
G1 X97.269 Y93.900 Z0.400 E31.89011 F800
G1 X97.419 Y94.140 Z0.400 E31.90709 F800
G1 X97.379 Y94.220 Z0.400 E31.91246 F800
G1 X97.549 Y94.460 Z0.400 E31.93010 F800
G1 X97.659 Y94.770 Z0.400 E31.94984 F800
G1 X97.819 Y95.100 Z0.400 E31.97184 F800
G1 X97.949 Y95.340 Z0.400 E31.98822 F800
G1 X97.909 Y95.380 Z0.400 E31.99161 F800
G1 X98.069 Y95.670 Z0.400 E32.01149 F800
G1 X97.629 Y95.810 Z0.400 E32.03919 F800
G1 X97.639 Y95.890 Z0.400 E32.04403 F800
G1 X97.489 Y95.610 Z0.400 E32.06309 F800
G1 X97.479 Y95.600 Z0.400 E32.06394 F800
G1 X97.459 Y95.570 Z0.400 E32.06610 F800
G1 X97.499 Y95.560 Z0.400 E32.06857 F800
G1 X97.449 Y95.630 Z0.400 E32.07373 F800
G1 X97.339 Y95.360 Z0.400 E32.09123 F800
G1 X97.179 Y95.080 Z0.400 E32.11058 F800
G1 X97.159 Y95.050 Z0.400 E32.11274 F800
G1 X97.129 Y95.010 Z0.400 E32.11574 F800
G1 X97.149 Y95.000 Z0.400 E32.11708 F800
G1 X97.009 Y94.760 Z0.400 E32.13375 F800
G1 X96.999 Y94.730 Z0.400 E32.13565 F800
G1 X96.999 Y94.720 Z0.400 E32.13625 F800
G1 X97.039 Y94.740 Z0.400 E32.13893 F800
G1 X96.859 Y94.510 Z0.400 E32.15646 F800
G1 X96.849 Y94.460 Z0.400 E32.15952 F800
G1 X96.919 Y94.440 Z0.400 E32.16388 F800
G1 X96.699 Y94.170 Z0.400 E32.18478 F800
G1 X96.689 Y94.170 Z0.400 E32.18538 F800
G1 X96.669 Y94.150 Z0.400 E32.18708 F800
G1 X96.529 Y93.900 Z0.400 E32.20427 F800
G1 X96.529 Y93.880 Z0.400 E32.20547 F800
G1 X96.529 Y93.870 Z0.400 E32.20607 F800
G1 X96.509 Y93.870 Z0.400 E32.20727 F800
G1 X96.549 Y93.880 Z0.400 E32.20974 F800
G1 X96.469 Y93.890 Z0.400 E32.21458 F800
G1 X96.379 Y93.710 Z0.400 E32.22666 F800
G1 X96.359 Y93.400 Z0.400 E32.24529 F800
G1 X96.559 Y93.310 Z0.400 E32.25845 F800
G1 X96.769 Y93.450 Z0.400 E32.27360 F800
G1 X96.189 Y93.240 Z0.400 E32.31061 F800
G1 X96.009 Y93.290 Z0.400 E32.32182 F800
G1 X95.979 Y93.280 Z0.400 E32.32371 F800
G1 X95.979 Y93.310 Z0.400 E32.32551 F800
G1 X95.979 Y93.320 Z0.400 E32.32611 F800
G1 X95.959 Y93.310 Z0.400 E32.32746 F800
G1 X96.039 Y93.550 Z0.400 E32.34263 F800
G1 X95.679 Y93.710 Z0.400 E32.36627 F800
G1 X95.569 Y93.590 Z0.400 E32.37604 F800
G1 X95.539 Y93.590 Z0.400 E32.37784 F800
G1 X95.539 Y93.600 Z0.400 E32.37844 F800
G1 X95.419 Y93.690 Z0.400 E32.38744 F800
G1 X95.419 Y93.420 Z0.400 E32.40364 F800
G1 X95.219 Y93.070 Z0.400 E32.42783 F800
G1 X95.139 Y93.090 Z0.400 E32.43277 F800
G1 X95.109 Y93.150 Z0.400 E32.43680 F800
G1 X95.089 Y93.150 Z0.400 E32.43800 F800
G1 X95.009 Y92.820 Z0.400 E32.45837 F800
G1 X94.969 Y92.830 Z0.400 E32.46085 F800
G1 X94.829 Y92.880 Z0.400 E32.46977 F800
G1 X94.689 Y92.610 Z0.400 E32.48801 F800
G1 X94.819 Y92.550 Z0.400 E32.49660 F800
G1 X94.839 Y92.520 Z0.400 E32.49877 F800
G1 X94.639 Y92.230 Z0.400 E32.51990 F800
G1 X94.519 Y91.990 Z0.400 E32.53600 F800
G1 X94.469 Y92.000 Z0.400 E32.53906 F800
G1 X94.159 Y91.790 Z0.400 E32.56153 F800
G1 X94.269 Y91.660 Z0.400 E32.57175 F800
G1 X94.789 Y91.370 Z0.400 E32.60747 F800
G1 X94.809 Y91.370 Z0.400 E32.60867 F800
G1 X94.939 Y91.670 Z0.400 E32.62829 F800
G1 X95.149 Y91.900 Z0.400 E32.64698 F800
G1 X95.399 Y91.770 Z0.400 E32.66388 F800
G1 X95.549 Y92.060 Z0.400 E32.68347 F800
G1 X95.699 Y91.970 Z0.400 E32.69397 F800
G1 X95.699 Y92.320 Z0.400 E32.71497 F800
G1 X95.859 Y92.300 Z0.400 E32.72464 F800
G1 X95.869 Y92.610 Z0.400 E32.74325 F800
G1 X95.679 Y92.730 Z0.400 E32.75674 F800
G1 X95.669 Y92.760 Z0.400 E32.75863 F800
G1 X95.489 Y92.530 Z0.400 E32.77616 F800
G1 X95.489 Y92.500 Z0.400 E32.77796 F800
G1 X95.519 Y92.440 Z0.400 E32.78198 F800
G1 X95.369 Y92.210 Z0.400 E32.79846 F800
G1 X95.359 Y92.190 Z0.400 E32.79980 F800
G1 X95.329 Y92.150 Z0.400 E32.80280 F800
G1 X95.279 Y91.450 Z0.400 E32.84491 F800
G1 X95.139 Y91.140 Z0.400 E32.86531 F800
G1 X95.649 Y90.860 Z0.400 E32.90022 F800
G1 X95.799 Y91.140 Z0.400 E32.91928 F800
G1 X95.949 Y91.460 Z0.400 E32.94049 F800
G1 X96.119 Y91.770 Z0.400 E32.96170 F800
G1 X96.269 Y92.070 Z0.400 E32.98182 F800
G1 X96.329 Y92.350 Z0.400 E32.99901 F800
G1 X96.589 Y92.260 Z0.400 E33.01551 F800
G1 X96.779 Y92.270 Z0.400 E33.02693 F800
G1 X96.819 Y92.540 Z0.400 E33.04331 F800
G1 X96.529 Y92.630 Z0.400 E33.06152 F800
G1 X96.459 Y92.700 Z0.400 E33.06746 F800
G1 X96.039 Y92.930 Z0.400 E33.09620 F800
G1 X95.849 Y93.020 Z0.400 E33.10881 F800
G1 X95.829 Y93.010 Z0.400 E33.11015 F800
G1 X95.829 Y93.030 Z0.400 E33.11135 F800
G1 X95.819 Y93.040 Z0.400 E33.11220 F800
G1 X95.819 Y93.050 Z0.400 E33.11280 F800
G1 X95.819 Y93.060 Z0.400 E33.11340 F800
G1 X94.989 Y93.640 Z0.400 E33.17415 F800
G1 X94.769 Y93.840 Z0.400 E33.19199 F800
G1 X94.689 Y93.870 Z0.400 E33.19712 F800
G1 X94.509 Y94.000 Z0.400 E33.21044 F800
G1 X94.329 Y93.750 Z0.400 E33.22893 F800
G1 X94.469 Y93.620 Z0.400 E33.24039 F800
G1 X94.509 Y93.630 Z0.400 E33.24286 F800
G1 X94.519 Y93.580 Z0.400 E33.24592 F800
G1 X94.509 Y93.550 Z0.400 E33.24782 F800
G1 X94.679 Y93.420 Z0.400 E33.26066 F800
G1 X94.489 Y93.160 Z0.400 E33.27998 F800
G1 X94.339 Y92.940 Z0.400 E33.29596 F800
G1 X94.049 Y93.090 Z0.400 E33.31555 F800
G1 X93.859 Y93.300 Z0.400 E33.33254 F800
G1 X93.649 Y93.090 Z0.400 E33.35036 F800
G1 X93.849 Y92.870 Z0.400 E33.36820 F800
G1 X94.099 Y92.670 Z0.400 E33.38741 F800
G1 X94.179 Y92.620 Z0.400 E33.39307 F800
G1 X94.009 Y92.300 Z0.400 E33.41481 F800
G1 X93.869 Y92.430 Z0.400 E33.42627 F800
G1 X93.519 Y92.290 Z0.400 E33.44889 F800
G1 X93.529 Y92.720 Z0.400 E33.47470 F800
G1 X93.159 Y92.580 Z0.400 E33.49843 F800
G1 X92.839 Y92.970 Z0.400 E33.52870 F800
G1 X93.039 Y93.090 Z0.400 E33.54270 F800
G1 X92.989 Y93.250 Z0.400 E33.55275 F800
G1 X93.239 Y93.460 Z0.400 E33.57234 F800
G1 X93.399 Y93.290 Z0.400 E33.58635 F800
G1 X93.509 Y93.630 Z0.400 E33.60779 F800
G1 X93.579 Y93.620 Z0.400 E33.61203 F800
G1 X93.449 Y93.690 Z0.400 E33.62089 F800
G1 X93.689 Y93.880 Z0.400 E33.63926 F800
G1 X93.789 Y93.820 Z0.400 E33.64626 F800
G1 X93.919 Y94.090 Z0.400 E33.66424 F800
G1 X93.959 Y94.070 Z0.400 E33.66692 F800
G1 X94.029 Y94.040 Z0.400 E33.67149 F800
G1 X94.209 Y94.310 Z0.400 E33.69096 F800
G1 X94.519 Y94.470 Z0.400 E33.71189 F800
G1 X94.419 Y94.600 Z0.400 E33.72173 F800
G1 X94.699 Y94.580 Z0.400 E33.73857 F800
G1 X94.889 Y94.380 Z0.400 E33.75513 F800
G1 X94.759 Y94.250 Z0.400 E33.76616 F800
G1 X94.929 Y94.120 Z0.400 E33.77900 F800
G1 X94.929 Y94.090 Z0.400 E33.78080 F800
G1 X94.939 Y94.060 Z0.400 E33.78269 F800
G1 X94.899 Y94.060 Z0.400 E33.78509 F800
G1 X95.139 Y93.960 Z0.400 E33.80069 F800
G1 X95.289 Y94.140 Z0.400 E33.81475 F800
G1 X95.419 Y94.310 Z0.400 E33.82759 F800
G1 X95.419 Y94.320 Z0.400 E33.82819 F800
G1 X95.429 Y94.320 Z0.400 E33.82879 F800
G1 X95.419 Y94.330 Z0.400 E33.82964 F800
G1 X95.409 Y94.330 Z0.400 E33.83024 F800
G1 X95.419 Y94.340 Z0.400 E33.83109 F800
G1 X95.419 Y94.350 Z0.400 E33.83169 F800
G1 X95.419 Y94.360 Z0.400 E33.83229 F800
G1 X95.399 Y94.360 Z0.400 E33.83349 F800
G1 X95.389 Y94.350 Z0.400 E33.83434 F800
G1 X95.399 Y94.340 Z0.400 E33.83519 F800
G1 X95.379 Y94.360 Z0.400 E33.83688 F800
G1 X95.429 Y94.340 Z0.400 E33.84012 F800
G1 X95.449 Y94.360 Z0.400 E33.84181 F800
G1 X95.459 Y94.350 Z0.400 E33.84266 F800
G1 X95.559 Y94.150 Z0.400 E33.85608 F800
G1 X95.869 Y94.080 Z0.400 E33.87515 F800
G1 X95.919 Y94.240 Z0.400 E33.88520 F800
G1 X95.929 Y94.260 Z0.400 E33.88655 F800
G1 X95.939 Y94.270 Z0.400 E33.88739 F800
G1 X95.949 Y94.290 Z0.400 E33.88874 F800
G1 X95.929 Y94.300 Z0.400 E33.89008 F800
G1 X96.119 Y94.510 Z0.400 E33.90707 F800
G1 X96.099 Y94.530 Z0.400 E33.90877 F800
G1 X96.129 Y94.580 Z0.400 E33.91226 F800
G1 X96.289 Y94.800 Z0.400 E33.92859 F800
G1 X96.479 Y95.060 Z0.400 E33.94791 F800
G1 X96.459 Y95.080 Z0.400 E33.94960 F800
G1 X96.519 Y95.060 Z0.400 E33.95340 F800
G1 X96.509 Y95.040 Z0.400 E33.95474 F800
G1 X96.669 Y95.360 Z0.400 E33.97621 F800
G1 X96.739 Y95.370 Z0.400 E33.98045 F800
G1 X96.869 Y95.590 Z0.400 E33.99578 F800
G1 X96.859 Y95.600 Z0.400 E33.99663 F800
G1 X96.849 Y95.630 Z0.400 E33.99853 F800
G1 X97.039 Y95.850 Z0.400 E34.01597 F800
G1 X97.109 Y95.930 Z0.400 E34.02235 F800
G1 X97.259 Y96.120 Z0.400 E34.03687 F800
G1 X97.259 Y96.150 Z0.400 E34.03867 F800
G1 X96.899 Y96.420 Z0.400 E34.06567 F800
G1 X96.749 Y96.580 Z0.400 E34.07883 F800
G1 X96.739 Y96.610 Z0.400 E34.08073 F800
G1 X96.489 Y96.370 Z0.400 E34.10152 F800
G1 X96.679 Y96.170 Z0.400 E34.11807 F800
G1 X96.469 Y95.910 Z0.400 E34.13813 F800
G1 X96.299 Y95.700 Z0.400 E34.15434 F800
G1 X96.219 Y95.670 Z0.400 E34.15946 F800
G1 X96.039 Y95.440 Z0.400 E34.17699 F800
G1 X96.029 Y95.430 Z0.400 E34.17784 F800
G1 X96.029 Y95.420 Z0.400 E34.17844 F800
G1 X95.819 Y95.220 Z0.400 E34.19584 F800
G1 X95.819 Y95.210 Z0.400 E34.19644 F800
G1 X95.819 Y95.200 Z0.400 E34.19704 F800
G1 X95.819 Y95.180 Z0.400 E34.19824 F800
G1 X95.809 Y95.180 Z0.400 E34.19884 F800
G1 X95.799 Y95.170 Z0.400 E34.19968 F800
G1 X95.789 Y95.170 Z0.400 E34.20028 F800
G1 X95.809 Y95.160 Z0.400 E34.20163 F800
G1 X95.829 Y95.150 Z0.400 E34.20297 F800
G1 X95.839 Y95.160 Z0.400 E34.20382 F800
G1 X95.829 Y95.170 Z0.400 E34.20467 F800
G1 X95.619 Y94.950 Z0.400 E34.22291 F800
G1 X95.619 Y94.940 Z0.400 E34.22351 F800
G1 X95.609 Y94.940 Z0.400 E34.22411 F800
G1 X95.599 Y94.940 Z0.400 E34.22471 F800
G1 X95.599 Y94.950 Z0.400 E34.22531 F800
G1 X95.609 Y94.950 Z0.400 E34.22591 F800
G1 X95.609 Y94.930 Z0.400 E34.22711 F800
G1 X95.599 Y94.930 Z0.400 E34.22771 F800
G1 X95.589 Y94.930 Z0.400 E34.22831 F800
G1 X95.579 Y94.940 Z0.400 E34.22916 F800
G1 X95.589 Y94.910 Z0.400 E34.23106 F800
G1 X95.619 Y94.900 Z0.400 E34.23296 F800
G1 X95.639 Y94.930 Z0.400 E34.23512 F800
G1 X95.439 Y94.710 Z0.400 E34.25296 F800
G1 X95.419 Y94.700 Z0.400 E34.25430 F800
G1 X95.399 Y94.710 Z0.400 E34.25564 F800
G1 X95.389 Y94.710 Z0.400 E34.25624 F800
G1 X95.389 Y94.700 Z0.400 E34.25684 F800
G1 X95.379 Y94.700 Z0.400 E34.25744 F800
G1 X95.379 Y94.690 Z0.400 E34.25804 F800
G1 X95.389 Y94.690 Z0.400 E34.25864 F800
G1 X95.399 Y94.690 Z0.400 E34.25924 F800
G1 X95.399 Y94.680 Z0.400 E34.25984 F800
G1 X95.389 Y94.670 Z0.400 E34.26069 F800
G1 X95.359 Y94.710 Z0.400 E34.26369 F800
G1 X95.389 Y94.740 Z0.400 E34.26624 F800
G1 X95.229 Y94.550 Z0.400 E34.28114 F800
G1 X95.109 Y94.970 Z0.400 E34.30735 F800
G1 X95.089 Y94.970 Z0.400 E34.30855 F800
G1 X95.049 Y94.990 Z0.400 E34.31123 F800
G1 X94.979 Y94.930 Z0.400 E34.31676 F800
G1 X95.309 Y95.140 Z0.400 E34.34023 F800
G1 X95.319 Y95.200 Z0.400 E34.34388 F800
G1 X95.279 Y95.220 Z0.400 E34.34657 F800
G1 X95.539 Y95.420 Z0.400 E34.36625 F800
G1 X95.779 Y95.650 Z0.400 E34.38619 F800
G1 X95.759 Y95.680 Z0.400 E34.38836 F800
G1 X95.819 Y95.680 Z0.400 E34.39196 F800
G1 X95.979 Y95.930 Z0.400 E34.40976 F800
G1 X96.299 Y96.150 Z0.400 E34.43306 F800
G1 X95.859 Y96.550 Z0.400 E34.46874 F800
G1 X95.599 Y96.390 Z0.400 E34.48706 F800
G1 X95.379 Y96.150 Z0.400 E34.50659 F800
G1 X95.059 Y95.940 Z0.400 E34.52956 F800
G1 X94.839 Y95.710 Z0.400 E34.54866 F800
G1 X94.569 Y95.510 Z0.400 E34.56882 F800
G1 X94.349 Y95.380 Z0.400 E34.58415 F800
G1 X94.219 Y95.050 Z0.400 E34.60543 F800
G1 X93.999 Y95.020 Z0.400 E34.61875 F800
G1 X93.829 Y94.830 Z0.400 E34.63405 F800
G1 X93.569 Y95.060 Z0.400 E34.65488 F800
G1 X93.429 Y95.270 Z0.400 E34.67002 F800
G1 X93.429 Y95.280 Z0.400 E34.67062 F800
G1 X93.189 Y95.110 Z0.400 E34.68827 F800
G1 X93.319 Y94.850 Z0.400 E34.70571 F800
G1 X93.509 Y94.610 Z0.400 E34.72407 F800
G1 X93.289 Y94.390 Z0.400 E34.74274 F800
G1 X93.039 Y94.150 Z0.400 E34.76354 F800
G1 X92.739 Y93.960 Z0.400 E34.78484 F800
G1 X92.519 Y93.730 Z0.400 E34.80394 F800
G1 X92.299 Y93.570 Z0.400 E34.82026 F800
G1 X92.239 Y94.020 Z0.400 E34.84750 F800
G1 X92.129 Y94.300 Z0.400 E34.86555 F800
G1 X92.359 Y94.510 Z0.400 E34.88424 F800
G1 X92.549 Y94.290 Z0.400 E34.90168 F800
G1 X92.699 Y94.630 Z0.400 E34.92397 F800
G1 X92.909 Y94.880 Z0.400 E34.94356 F800
G1 X93.039 Y94.690 Z0.400 E34.95738 F800
G1 X92.589 Y95.450 Z0.400 E35.01037 F800
G1 X92.849 Y95.600 Z0.400 E35.02838 F800
G1 X93.109 Y95.780 Z0.400 E35.04736 F800
G1 X93.419 Y95.890 Z0.400 E35.06709 F800
G1 X93.369 Y96.240 Z0.400 E35.08830 F800
G1 X93.609 Y96.450 Z0.400 E35.10744 F800
G1 X93.529 Y96.680 Z0.400 E35.12205 F800
G1 X93.819 Y96.680 Z0.400 E35.13945 F800
G1 X94.159 Y96.740 Z0.400 E35.16017 F800
G1 X94.469 Y96.990 Z0.400 E35.18406 F800
G1 X94.689 Y97.120 Z0.400 E35.19939 F800
G1 X95.119 Y97.320 Z0.400 E35.22785 F800
G1 X95.589 Y97.580 Z0.400 E35.26007 F800
G1 X95.819 Y97.740 Z0.400 E35.27688 F800
G1 X95.579 Y98.130 Z0.400 E35.30436 F800
G1 X95.489 Y98.600 Z0.400 E35.33307 F800
G1 X95.189 Y98.530 Z0.400 E35.35156 F800
G1 X94.849 Y98.450 Z0.400 E35.37251 F800
G1 X94.549 Y98.350 Z0.400 E35.39149 F800
G1 X94.259 Y98.230 Z0.400 E35.41032 F800
G1 X93.929 Y98.160 Z0.400 E35.43056 F800
G1 X93.579 Y98.120 Z0.400 E35.45169 F800
G1 X93.459 Y98.360 Z0.400 E35.46779 F800
G1 X93.189 Y98.590 Z0.400 E35.48908 F800
G1 X92.919 Y98.750 Z0.400 E35.50791 F800
G1 X93.109 Y99.060 Z0.400 E35.52972 F800
G1 X93.429 Y98.890 Z0.400 E35.55146 F800
G1 X93.749 Y98.940 Z0.400 E35.57090 F800
G1 X93.519 Y99.280 Z0.400 E35.59553 F800
G1 X93.239 Y99.420 Z0.400 E35.61431 F800
G1 X93.289 Y99.700 Z0.400 E35.63137 F800
G1 X93.589 Y99.680 Z0.400 E35.64941 F800
G1 X93.609 Y100.140 Z0.400 E35.67704 F800
G1 X93.309 Y100.070 Z0.400 E35.69552 F800
G1 X92.969 Y100.090 Z0.400 E35.71596 F800
G1 X92.899 Y100.370 Z0.400 E35.73328 F800
G1 X92.629 Y100.210 Z0.400 E35.75211 F800
G1 X92.599 Y100.040 Z0.400 E35.76246 F800
G1 X92.309 Y100.130 Z0.400 E35.78068 F800
G1 X92.229 Y100.360 Z0.400 E35.79529 F800
G1 X92.509 Y100.560 Z0.400 E35.81594 F800
G1 X92.809 Y100.700 Z0.400 E35.83580 F800
G1 X93.079 Y100.830 Z0.400 E35.85378 F800
G1 X93.359 Y100.970 Z0.400 E35.87257 F800
G1 X93.349 Y101.000 Z0.400 E35.87446 F800
G1 X93.769 Y100.900 Z0.400 E35.90037 F800
G1 X94.039 Y100.670 Z0.400 E35.92165 F800
G1 X94.119 Y100.660 Z0.400 E35.92649 F800
G1 X94.409 Y100.630 Z0.400 E35.94398 F800
G1 X94.809 Y100.590 Z0.400 E35.96810 F800
G1 X95.079 Y100.520 Z0.400 E35.98483 F800
G1 X95.379 Y100.480 Z0.400 E36.00299 F800
G1 X95.339 Y100.040 Z0.400 E36.02950 F800
G1 X94.869 Y100.030 Z0.400 E36.05771 F800
G1 X94.819 Y99.530 Z0.400 E36.08786 F800
G1 X94.369 Y99.470 Z0.400 E36.11510 F800
G1 X94.069 Y99.450 Z0.400 E36.13314 F800
G1 X94.189 Y98.890 Z0.400 E36.16750 F800
G1 X94.659 Y98.940 Z0.400 E36.19586 F800
G1 X95.119 Y99.010 Z0.400 E36.22378 F800
G1 X95.389 Y99.090 Z0.400 E36.24067 F800
G1 X95.399 Y99.520 Z0.400 E36.26648 F800
G1 X94.339 Y100.040 Z0.400 E36.33732 F800
G1 X94.019 Y100.070 Z0.400 E36.35661 F800
G1 X93.549 Y100.480 Z0.400 E36.39403 F800
G1 X93.559 Y100.540 Z0.400 E36.39768 F800
G1 X93.229 Y100.420 Z0.400 E36.41875 F800
G1 X92.949 Y99.590 Z0.400 E36.47130 F800
G1 X92.599 Y99.680 Z0.400 E36.49299 F800
G1 X92.289 Y99.730 Z0.400 E36.51183 F800
G1 X92.149 Y99.430 Z0.400 E36.53169 F800
G1 X92.459 Y99.230 Z0.400 E36.55382 F800
G1 X92.739 Y99.090 Z0.400 E36.57261 F800
G1 X92.429 Y98.690 Z0.400 E36.60297 F800
G1 X92.209 Y98.890 Z0.400 E36.62081 F800
G1 X91.919 Y98.760 Z0.400 E36.63988 F800
G1 X91.899 Y99.090 Z0.400 E36.65972 F800
G1 X91.479 Y98.920 Z0.400 E36.68690 F800
G1 X91.129 Y98.930 Z0.400 E36.70791 F800
G1 X91.139 Y98.560 Z0.400 E36.73012 F800
G1 X91.159 Y98.200 Z0.400 E36.75175 F800
G1 X91.219 Y97.900 Z0.400 E36.77011 F800
G1 X90.899 Y97.860 Z0.400 E36.78946 F800
G1 X90.529 Y97.890 Z0.400 E36.81173 F800
G1 X90.219 Y97.830 Z0.400 E36.83068 F800
G1 X90.529 Y97.550 Z0.400 E36.85574 F800
G1 X90.719 Y96.950 Z0.400 E36.89350 F800
G1 X90.849 Y96.610 Z0.400 E36.91534 F800
G1 X90.959 Y96.270 Z0.400 E36.93678 F800
G1 X91.259 Y96.590 Z0.400 E36.96310 F800
G1 X91.529 Y96.820 Z0.400 E36.98438 F800
G1 X91.869 Y96.850 Z0.400 E37.00486 F800
G1 X92.159 Y96.730 Z0.400 E37.02369 F800
G1 X92.119 Y97.090 Z0.400 E37.04542 F800
G1 X92.049 Y97.300 Z0.400 E37.05871 F800
G1 X91.729 Y97.260 Z0.400 E37.07806 F800
G1 X91.639 Y97.560 Z0.400 E37.09685 F800
G1 X91.589 Y97.870 Z0.400 E37.11569 F800
G1 X91.899 Y97.990 Z0.400 E37.13563 F800
G1 X91.839 Y98.270 Z0.400 E37.15281 F800
G1 X91.529 Y98.250 Z0.400 E37.17145 F800
G1 X91.589 Y98.520 Z0.400 E37.18805 F800
G1 X92.129 Y98.440 Z0.400 E37.22080 F800
G1 X92.389 Y98.140 Z0.400 E37.24462 F800
G1 X92.499 Y97.900 Z0.400 E37.26046 F800
G1 X92.659 Y97.430 Z0.400 E37.29025 F800
G1 X92.479 Y97.150 Z0.400 E37.31022 F800
G1 X92.869 Y96.930 Z0.400 E37.33709 F800
G1 X93.249 Y96.790 Z0.400 E37.36139 F800
G1 X93.379 Y96.980 Z0.400 E37.37520 F800
G1 X93.469 Y97.410 Z0.400 E37.40156 F800
G1 X93.319 Y97.720 Z0.400 E37.42222 F800
G1 X93.089 Y98.030 Z0.400 E37.44538 F800
G1 X92.889 Y98.250 Z0.400 E37.46322 F800
G1 X92.689 Y98.460 Z0.400 E37.48062 F800
G1 X92.659 Y98.480 Z0.400 E37.48279 F800
G1 X92.019 Y97.680 Z0.400 E37.54426 F800
G1 X91.419 Y97.190 Z0.400 E37.59074 F800
G1 X91.079 Y97.060 Z0.400 E37.61258 F800
G1 X91.599 Y96.430 Z0.400 E37.66159 F800
G1 X91.819 Y96.030 Z0.400 E37.68898 F800
G1 X91.999 Y95.790 Z0.400 E37.70698 F800
G1 X92.279 Y95.820 Z0.400 E37.72388 F800
G1 X92.519 Y96.190 Z0.400 E37.75034 F800
G1 X92.849 Y96.230 Z0.400 E37.77028 F800
G1 X93.079 Y96.470 Z0.400 E37.79023 F800
G1 X92.699 Y96.550 Z0.400 E37.81353 F800
G1 X92.069 Y96.230 Z0.400 E37.85592 F800
G1 X91.679 Y95.690 Z0.400 E37.89589 F800
G1 X91.319 Y95.560 Z0.400 E37.91885 F800
G1 X91.089 Y95.420 Z0.400 E37.93501 F800
G1 X91.439 Y94.780 Z0.400 E37.97878 F800
G1 X91.719 Y94.920 Z0.400 E37.99756 F800
G1 X91.999 Y95.060 Z0.400 E38.01634 F800
G1 X92.299 Y95.250 Z0.400 E38.03765 F800
G1 X91.829 Y94.150 Z0.400 E38.10942 F800
G1 X94.039 Y93.560 Z0.400 E38.24667 F800
G1 X94.079 Y93.550 Z0.400 E38.24914 F800
G1 X94.279 Y93.390 Z0.400 E38.26451 F800
G1 X94.289 Y93.370 Z0.400 E38.26585 F800
G1 X94.509 Y94.900 Z0.400 E38.35859 F800
G1 X93.909 Y95.280 Z0.400 E38.40121 F800
G1 X93.729 Y95.490 Z0.400 E38.41780 F800
G1 X93.809 Y95.990 Z0.400 E38.44818 F800
G1 X94.019 Y95.910 Z0.400 E38.46167 F800
G1 X94.229 Y96.060 Z0.400 E38.47715 F800
G1 X94.469 Y96.250 Z0.400 E38.49552 F800
G1 X94.779 Y96.450 Z0.400 E38.51765 F800
G1 X95.249 Y96.780 Z0.400 E38.55211 F800
G1 X95.709 Y97.050 Z0.400 E38.58411 F800
G1 X96.089 Y96.820 Z0.400 E38.61076 F800
G1 X96.369 Y97.030 Z0.400 E38.63176 F800
G1 X96.109 Y97.340 Z0.400 E38.65604 F800
G1 X95.059 Y97.950 Z0.400 E38.72890 F800
G1 X94.579 Y97.700 Z0.400 E38.76137 F800
G1 X94.009 Y97.430 Z0.400 E38.79921 F800
G1 X90.799 Y98.370 Z0.400 E38.99990 F800
G1 X90.569 Y98.680 Z0.400 E39.02306 F800
G1 X90.389 Y98.900 Z0.400 E39.04012 F800
G1 X90.699 Y98.990 Z0.400 E39.05948 F800
G1 X90.439 Y99.270 Z0.400 E39.08241 F800
G1 X90.299 Y99.620 Z0.400 E39.10503 F800
G1 X90.059 Y99.520 Z0.400 E39.12063 F800
G1 X90.179 Y100.120 Z0.400 E39.15734 F800
G1 X90.409 Y100.470 Z0.400 E39.18247 F800
G1 X91.579 Y100.930 Z0.400 E39.25790 F800
G1 X91.489 Y101.180 Z0.400 E39.27384 F800
G1 X91.809 Y101.170 Z0.400 E39.29305 F800
G1 X92.089 Y100.990 Z0.400 E39.31302 F800
G1 X92.299 Y100.830 Z0.400 E39.32886 F800
G1 X92.569 Y101.010 Z0.400 E39.34833 F800
G1 X92.769 Y101.230 Z0.400 E39.36617 F800
G1 X92.959 Y101.510 Z0.400 E39.38648 F800
G1 X93.159 Y101.790 Z0.400 E39.40712 F800
G1 X93.369 Y101.560 Z0.400 E39.42581 F800
G1 X93.709 Y101.880 Z0.400 E39.45382 F800
G1 X94.099 Y101.920 Z0.400 E39.47735 F800
G1 X94.179 Y101.280 Z0.400 E39.51605 F800
G1 X93.879 Y101.300 Z0.400 E39.53409 F800
G1 X94.509 Y101.170 Z0.400 E39.57268 F800
G1 X95.019 Y101.080 Z0.400 E39.60375 F800
G1 X95.469 Y100.950 Z0.400 E39.63186 F800
G1 X95.429 Y101.490 Z0.400 E39.66435 F800
G1 X94.719 Y101.710 Z0.400 E39.70895 F800
G1 X93.479 Y102.320 Z0.400 E39.79186 F800
G1 X93.309 Y102.080 Z0.400 E39.80951 F800
G1 X91.609 Y102.240 Z0.400 E39.91196 F800
G1 X91.599 Y101.930 Z0.400 E39.93057 F800
G1 X91.559 Y101.550 Z0.400 E39.95349 F800
G1 X91.989 Y100.690 Z0.400 E40.01118 F800
G1 X90.099 Y98.710 Z0.400 E40.17542 F800
G1 X98.479 Y95.380 Z0.400 E40.71646 F800
G1 X98.999 Y95.330 Z0.400 E40.74781 F800
G1 X98.919 Y94.980 Z0.400 E40.76935 F800
G1 X98.829 Y94.760 Z0.400 E40.78361 F800
G1 X98.779 Y94.400 Z0.400 E40.80542 F800
G1 X98.679 Y94.100 Z0.400 E40.82439 F800
G1 X98.759 Y94.060 Z0.400 E40.82976 F800
G1 X98.629 Y93.790 Z0.400 E40.84774 F800
G1 X98.679 Y93.680 Z0.400 E40.85499 F800
G1 X98.909 Y93.750 Z0.400 E40.86941 F800
G1 X99.269 Y93.980 Z0.400 E40.89504 F800
G1 X99.329 Y94.320 Z0.400 E40.91576 F800
G1 X99.319 Y94.660 Z0.400 E40.93617 F800
G1 X99.369 Y94.670 Z0.400 E40.93923 F800
G1 X99.339 Y95.050 Z0.400 E40.96210 F800
G1 X99.439 Y95.050 Z0.400 E40.96810 F800
G1 X99.469 Y95.320 Z0.400 E40.98440 F800
G1 X99.949 Y95.260 Z0.400 E41.01342 F800
G1 X99.909 Y94.970 Z0.400 E41.03099 F800
G1 X99.889 Y94.580 Z0.400 E41.05442 F800
G1 X99.929 Y94.270 Z0.400 E41.07317 F800
G1 X99.919 Y93.980 Z0.400 E41.09058 F800
G1 X99.929 Y93.930 Z0.400 E41.09364 F800
G1 X99.749 Y93.560 Z0.400 E41.11833 F800
G1 X99.809 Y93.180 Z0.400 E41.14141 F800
G1 X99.829 Y92.900 Z0.400 E41.15825 F800
G1 X99.829 Y92.880 Z0.400 E41.15945 F800
G1 X100.069 Y92.890 Z0.400 E41.17387 F800
G1 X100.419 Y92.790 Z0.400 E41.19571 F800
G1 X100.469 Y92.800 Z0.400 E41.19877 F800
G1 X100.509 Y92.760 Z0.400 E41.20216 F800
G1 X100.789 Y92.720 Z0.400 E41.21913 F800
G1 X100.789 Y92.690 Z0.400 E41.22093 F800
G1 X100.819 Y92.730 Z0.400 E41.22393 F800
G1 X100.929 Y92.940 Z0.400 E41.23815 F800
G1 X100.909 Y92.980 Z0.400 E41.24084 F800
G1 X101.129 Y93.230 Z0.400 E41.26082 F800
G1 X101.109 Y93.260 Z0.400 E41.26298 F800
G1 X101.089 Y93.320 Z0.400 E41.26678 F800
G1 X101.179 Y93.590 Z0.400 E41.28385 F800
G1 X101.149 Y93.730 Z0.400 E41.29244 F800
G1 X101.069 Y93.730 Z0.400 E41.29724 F800
G1 X101.119 Y94.110 Z0.400 E41.32024 F800
G1 X101.019 Y94.410 Z0.400 E41.33921 F800
G1 X100.969 Y94.720 Z0.400 E41.35805 F800
G1 X100.969 Y94.750 Z0.400 E41.35985 F800
G1 X100.879 Y95.030 Z0.400 E41.37750 F800
G1 X100.859 Y95.350 Z0.400 E41.39674 F800
G1 X101.299 Y95.460 Z0.400 E41.42395 F800
G1 X101.379 Y95.170 Z0.400 E41.44200 F800
G1 X101.499 Y94.900 Z0.400 E41.45973 F800
G1 X101.599 Y94.550 Z0.400 E41.48157 F800
G1 X101.609 Y94.440 Z0.400 E41.48820 F800
G1 X101.669 Y94.250 Z0.400 E41.50015 F800
G1 X101.689 Y94.250 Z0.400 E41.50135 F800
G1 X101.759 Y93.920 Z0.400 E41.52159 F800
G1 X101.779 Y93.910 Z0.400 E41.52293 F800
G1 X101.799 Y93.930 Z0.400 E41.52463 F800
G1 X101.769 Y93.880 Z0.400 E41.52813 F800
G1 X101.839 Y93.590 Z0.400 E41.54603 F800
G1 X101.839 Y93.580 Z0.400 E41.54663 F800
G1 X101.839 Y93.570 Z0.400 E41.54723 F800
G1 X101.849 Y93.570 Z0.400 E41.54783 F800
G1 X101.859 Y93.580 Z0.400 E41.54868 F800
G1 X101.809 Y93.570 Z0.400 E41.55174 F800
G1 X101.729 Y93.220 Z0.400 E41.57328 F800
G1 X101.749 Y93.200 Z0.400 E41.57498 F800
G1 X101.739 Y93.180 Z0.400 E41.57632 F800
G1 X101.509 Y92.970 Z0.400 E41.59500 F800
G1 X101.299 Y92.730 Z0.400 E41.61414 F800
G1 X101.299 Y92.720 Z0.400 E41.61474 F800
G1 X101.289 Y92.720 Z0.400 E41.61534 F800
G1 X101.249 Y92.740 Z0.400 E41.61802 F800
G1 X101.079 Y92.490 Z0.400 E41.63616 F800
G1 X100.879 Y92.220 Z0.400 E41.65632 F800
G1 X100.009 Y92.250 Z0.400 E41.70855 F800
G1 X99.549 Y92.820 Z0.400 E41.75250 F800
G1 X99.519 Y92.860 Z0.400 E41.75550 F800
G1 X99.409 Y93.140 Z0.400 E41.77355 F800
G1 X99.329 Y93.420 Z0.400 E41.79102 F800
G1 X99.309 Y93.430 Z0.400 E41.79236 F800
G1 X99.309 Y93.570 Z0.400 E41.80076 F800
G1 X98.889 Y93.280 Z0.400 E41.83139 F800
G1 X98.849 Y93.240 Z0.400 E41.83478 F800
G1 X98.989 Y92.970 Z0.400 E41.85303 F800
G1 X99.059 Y92.980 Z0.400 E41.85727 F800
G1 X99.119 Y92.670 Z0.400 E41.87622 F800
G1 X98.819 Y92.410 Z0.400 E41.90004 F800
G1 X98.649 Y92.270 Z0.400 E41.91325 F800
G1 X98.639 Y92.260 Z0.400 E41.91410 F800
G1 X98.469 Y92.040 Z0.400 E41.93078 F800
G1 X98.419 Y91.950 Z0.400 E41.93696 F800
G1 X98.379 Y91.800 Z0.400 E41.94627 F800
G1 X98.279 Y91.360 Z0.400 E41.97335 F800
G1 X97.929 Y90.800 Z0.400 E42.01297 F800
G1 X97.979 Y90.450 Z0.400 E42.03418 F800
G1 X97.969 Y90.140 Z0.400 E42.05279 F800
G1 X97.589 Y90.180 Z0.400 E42.07572 F800
G1 X97.669 Y90.540 Z0.400 E42.09784 F800
G1 X97.219 Y91.000 Z0.400 E42.13646 F800
G1 X97.349 Y91.270 Z0.400 E42.15444 F800
G1 X97.219 Y91.330 Z0.400 E42.16303 F800
G1 X96.989 Y91.390 Z0.400 E42.17729 F800
G1 X96.859 Y91.450 Z0.400 E42.18588 F800
G1 X96.869 Y91.110 Z0.400 E42.20629 F800
G1 X96.649 Y90.840 Z0.400 E42.22718 F800
G1 X96.689 Y90.520 Z0.400 E42.24653 F800
G1 X96.939 Y90.390 Z0.400 E42.26344 F800
G1 X97.029 Y90.680 Z0.400 E42.28166 F800
G1 X96.439 Y91.270 Z0.400 E42.33172 F800
G1 X96.369 Y91.300 Z0.400 E42.33629 F800
G1 X96.309 Y91.320 Z0.400 E42.34009 F800
G1 X96.179 Y91.060 Z0.400 E42.35753 F800
G1 X96.089 Y90.730 Z0.400 E42.37805 F800
G1 X96.429 Y91.630 Z0.400 E42.43578 F800
G1 X96.529 Y91.940 Z0.400 E42.45532 F800
G1 X96.619 Y91.920 Z0.400 E42.46085 F800
G1 X97.609 Y93.050 Z0.400 E42.55099 F800
G1 X97.649 Y93.060 Z0.400 E42.55346 F800
G1 X97.909 Y92.870 Z0.400 E42.57279 F800
G1 X98.159 Y92.710 Z0.400 E42.59060 F800
G1 X98.129 Y92.670 Z0.400 E42.59360 F800
G1 X98.399 Y92.420 Z0.400 E42.61567 F800
G1 X98.669 Y92.700 Z0.400 E42.63901 F800
G1 X98.449 Y92.960 Z0.400 E42.65945 F800
G1 X98.169 Y93.230 Z0.400 E42.68279 F800
G1 X98.129 Y93.540 Z0.400 E42.70154 F800
G1 X97.889 Y93.600 Z0.400 E42.71638 F800
G1 X98.039 Y93.970 Z0.400 E42.74034 F800
G1 X98.199 Y94.480 Z0.400 E42.77241 F800
G1 X98.339 Y94.860 Z0.400 E42.79671 F800
G1 X100.369 Y95.220 Z0.400 E42.92041 F800
G1 X100.409 Y94.740 Z0.400 E42.94931 F800
G1 X100.439 Y94.290 Z0.400 E42.97637 F800
G1 X100.509 Y93.940 Z0.400 E42.99778 F800
G1 X100.659 Y93.580 Z0.400 E43.02118 F800
G1 X100.689 Y93.460 Z0.400 E43.02860 F800
G1 X100.589 Y93.130 Z0.400 E43.04929 F800
G1 X100.549 Y93.130 Z0.400 E43.05169 F800
G1 X100.199 Y93.240 Z0.400 E43.07371 F800
G1 X100.179 Y93.540 Z0.400 E43.09175 F800
G1 X100.169 Y93.570 Z0.400 E43.09364 F800
G1 X99.279 Y91.990 Z0.400 E43.20245 F800
G1 X99.149 Y91.830 Z0.400 E43.21482 F800
G1 X99.089 Y91.690 Z0.400 E43.22396 F800
G1 X99.079 Y91.690 Z0.400 E43.22456 F800
G1 X99.019 Y91.470 Z0.400 E43.23824 F800
G1 X98.949 Y91.330 Z0.400 E43.24763 F800
G1 X98.569 Y90.050 Z0.400 E43.32774 F800
G1 X100.269 Y90.200 Z0.400 E43.43014 F800
G1 X100.509 Y90.300 Z0.400 E43.44574 F800
G1 X100.649 Y90.470 Z0.400 E43.45895 F800
G1 X100.329 Y89.910 Z0.400 E43.49765 F800
G1 X102.919 Y93.250 Z0.400 E43.75125 F800
G1 X102.919 Y93.270 Z0.400 E43.75245 F800
G1 X102.899 Y93.290 Z0.400 E43.75414 F800
G1 X103.049 Y93.180 Z0.400 E43.76530 F800
G1 X102.119 Y94.680 Z0.400 E43.87120 F800
G1 X102.409 Y94.830 Z0.400 E43.89079 F800
G1 X102.409 Y94.870 Z0.400 E43.89319 F800
G1 X102.289 Y95.110 Z0.400 E43.90929 F800
G1 X102.279 Y95.150 Z0.400 E43.91176 F800
G1 X102.019 Y95.030 Z0.400 E43.92894 F800
G1 X102.019 Y95.000 Z0.400 E43.93074 F800
G1 X101.989 Y95.010 Z0.400 E43.93264 F800
G1 X101.889 Y95.330 Z0.400 E43.95275 F800
G1 X101.859 Y95.350 Z0.400 E43.95492 F800
G1 X101.839 Y95.340 Z0.400 E43.95626 F800
G1 X101.849 Y95.370 Z0.400 E43.95816 F800
G1 X101.739 Y95.620 Z0.400 E43.97455 F800
G1 X101.989 Y95.730 Z0.400 E43.99093 F800
G1 X102.129 Y95.470 Z0.400 E44.00865 F800
G1 X102.119 Y95.440 Z0.400 E44.01055 F800
G1 X105.839 Y91.820 Z0.400 E44.32199 F800
G1 X103.619 Y102.800 Z0.400 E44.99412 F800
G1 X103.869 Y102.970 Z0.400 E45.01226 F800
G1 X104.209 Y103.150 Z0.400 E45.03534 F800
G1 X104.389 Y103.380 Z0.400 E45.05286 F800
G1 X104.669 Y103.590 Z0.400 E45.07386 F800
G1 X104.879 Y103.780 Z0.400 E45.09085 F800
G1 X104.929 Y103.780 Z0.400 E45.09385 F800
G1 X105.139 Y103.950 Z0.400 E45.11007 F800
G1 X105.189 Y103.960 Z0.400 E45.11313 F800
G1 X105.449 Y104.160 Z0.400 E45.13281 F800
G1 X106.019 Y104.080 Z0.400 E45.16734 F800
G1 X106.019 Y105.170 Z0.400 E45.23274 F800
G1 X105.819 Y105.390 Z0.400 E45.25058 F800
G1 X105.639 Y105.620 Z0.400 E45.26811 F800
G1 X105.899 Y105.790 Z0.400 E45.28674 F800
G1 X106.069 Y105.600 Z0.400 E45.30204 F800
G1 X106.079 Y105.580 Z0.400 E45.30338 F800
G1 X106.299 Y105.380 Z0.400 E45.32122 F800
G1 X106.479 Y105.620 Z0.400 E45.33922 F800
G1 X106.319 Y105.820 Z0.400 E45.35459 F800
G1 X106.129 Y106.030 Z0.400 E45.37158 F800
G1 X106.279 Y106.320 Z0.400 E45.39117 F800
G1 X106.499 Y106.540 Z0.400 E45.40984 F800
G1 X106.799 Y106.680 Z0.400 E45.42970 F800
G1 X106.959 Y107.010 Z0.400 E45.45171 F800
G1 X107.359 Y106.560 Z0.400 E45.48783 F800
G1 X107.259 Y106.270 Z0.400 E45.50624 F800
G1 X106.999 Y106.050 Z0.400 E45.52667 F800
G1 X106.859 Y106.300 Z0.400 E45.54386 F800
G1 X106.539 Y106.080 Z0.400 E45.56716 F800
G1 X106.749 Y105.800 Z0.400 E45.58816 F800
G1 X104.449 Y105.200 Z0.400 E45.73078 F800
G1 X104.259 Y104.990 Z0.400 E45.74777 F800
G1 X104.249 Y104.980 Z0.400 E45.74862 F800
G1 X104.239 Y104.980 Z0.400 E45.74922 F800
G1 X104.239 Y104.970 Z0.400 E45.74982 F800
G1 X104.269 Y104.960 Z0.400 E45.75172 F800
G1 X104.269 Y104.940 Z0.400 E45.75292 F800
G1 X104.259 Y104.940 Z0.400 E45.75352 F800
G1 X104.259 Y104.930 Z0.400 E45.75412 F800
G1 X104.059 Y104.710 Z0.400 E45.77196 F800
G1 X104.059 Y104.700 Z0.400 E45.77256 F800
G1 X104.049 Y104.690 Z0.400 E45.77341 F800
G1 X104.039 Y104.690 Z0.400 E45.77401 F800
G1 X104.029 Y104.700 Z0.400 E45.77486 F800
G1 X104.029 Y104.710 Z0.400 E45.77546 F800
G1 X104.029 Y104.720 Z0.400 E45.77606 F800
G1 X104.039 Y104.720 Z0.400 E45.77666 F800
G1 X104.009 Y104.710 Z0.400 E45.77855 F800
G1 X103.849 Y104.480 Z0.400 E45.79536 F800
G1 X103.829 Y104.480 Z0.400 E45.79656 F800
G1 X103.819 Y104.480 Z0.400 E45.79716 F800
G1 X103.809 Y104.480 Z0.400 E45.79776 F800
G1 X103.809 Y104.490 Z0.400 E45.79836 F800
G1 X103.809 Y104.470 Z0.400 E45.79956 F800
G1 X103.809 Y104.460 Z0.400 E45.80016 F800
G1 X103.799 Y104.460 Z0.400 E45.80076 F800
G1 X103.809 Y104.450 Z0.400 E45.80161 F800
G1 X103.819 Y104.450 Z0.400 E45.80221 F800
G1 X103.819 Y104.460 Z0.400 E45.80281 F800
G1 X103.819 Y104.470 Z0.400 E45.80341 F800
G1 X103.829 Y104.470 Z0.400 E45.80401 F800
G1 X103.829 Y104.460 Z0.400 E45.80461 F800
G1 X103.829 Y104.450 Z0.400 E45.80521 F800
G1 X103.829 Y104.440 Z0.400 E45.80581 F800
G1 X103.839 Y104.450 Z0.400 E45.80666 F800
G1 X103.839 Y104.460 Z0.400 E45.80726 F800
G1 X103.849 Y104.450 Z0.400 E45.80811 F800
G1 X103.609 Y104.220 Z0.400 E45.82805 F800
G1 X103.599 Y104.230 Z0.400 E45.82890 F800
G1 X103.619 Y104.210 Z0.400 E45.83060 F800
G1 X103.609 Y104.200 Z0.400 E45.83145 F800
G1 X103.609 Y104.190 Z0.400 E45.83205 F800
G1 X103.619 Y104.180 Z0.400 E45.83290 F800
G1 X103.589 Y104.200 Z0.400 E45.83506 F800
G1 X103.559 Y105.080 Z0.400 E45.88789 F800
G1 X103.539 Y105.090 Z0.400 E45.88923 F800
G1 X103.699 Y105.370 Z0.400 E45.90858 F800
G1 X103.719 Y105.360 Z0.400 E45.90992 F800
G1 X103.909 Y105.600 Z0.400 E45.92829 F800
G1 X104.049 Y105.800 Z0.400 E45.94294 F800
G1 X104.369 Y106.610 Z0.400 E45.99519 F800
G1 X104.169 Y106.750 Z0.400 E46.00984 F800
G1 X104.089 Y106.770 Z0.400 E46.01479 F800
G1 X104.219 Y107.050 Z0.400 E46.03331 F800
G1 X104.319 Y107.040 Z0.400 E46.03934 F800
G1 X104.499 Y106.890 Z0.400 E46.05340 F800
G1 X104.579 Y106.890 Z0.400 E46.05820 F800
G1 X104.769 Y107.160 Z0.400 E46.07801 F800
G1 X104.499 Y107.310 Z0.400 E46.09654 F800
G1 X104.439 Y107.360 Z0.400 E46.10123 F800
G1 X104.829 Y107.480 Z0.400 E46.12571 F800
G1 X105.079 Y107.690 Z0.400 E46.14530 F800
G1 X104.849 Y107.860 Z0.400 E46.16246 F800
G1 X105.029 Y108.120 Z0.400 E46.18143 F800
G1 X105.269 Y107.970 Z0.400 E46.19841 F800
G1 X105.429 Y108.320 Z0.400 E46.22150 F800
G1 X104.569 Y108.760 Z0.400 E46.27947 F800
G1 X104.359 Y108.490 Z0.400 E46.29999 F800
G1 X104.459 Y108.430 Z0.400 E46.30699 F800
G1 X104.279 Y108.170 Z0.400 E46.32596 F800
G1 X104.209 Y107.870 Z0.400 E46.34444 F800
G1 X104.109 Y107.880 Z0.400 E46.35047 F800
G1 X103.849 Y108.030 Z0.400 E46.36848 F800
G1 X103.899 Y108.360 Z0.400 E46.38851 F800
G1 X104.069 Y108.660 Z0.400 E46.40920 F800
G1 X104.159 Y108.980 Z0.400 E46.42914 F800
G1 X103.619 Y109.180 Z0.400 E46.46369 F800
G1 X103.519 Y108.880 Z0.400 E46.48267 F800
G1 X103.409 Y108.590 Z0.400 E46.50128 F800
G1 X103.289 Y108.260 Z0.400 E46.52235 F800
G1 X103.369 Y108.190 Z0.400 E46.52872 F800
G1 X103.159 Y108.000 Z0.400 E46.54572 F800
G1 X103.269 Y107.910 Z0.400 E46.55424 F800
G1 X102.869 Y108.080 Z0.400 E46.58032 F800
G1 X102.969 Y108.410 Z0.400 E46.60101 F800
G1 X103.059 Y108.670 Z0.400 E46.61752 F800
G1 X103.179 Y109.020 Z0.400 E46.63972 F800
G1 X103.299 Y109.320 Z0.400 E46.65910 F800
G1 X102.709 Y109.510 Z0.400 E46.69630 F800
G1 X102.599 Y109.210 Z0.400 E46.71547 F800
G1 X102.299 Y109.250 Z0.400 E46.73363 F800
G1 X102.219 Y108.980 Z0.400 E46.75052 F800
G1 X102.489 Y108.870 Z0.400 E46.76802 F800
G1 X102.469 Y108.560 Z0.400 E46.78665 F800
G1 X102.309 Y108.300 Z0.400 E46.80497 F800
G1 X102.319 Y108.260 Z0.400 E46.80745 F800
G1 X101.989 Y108.360 Z0.400 E46.82813 F800
G1 X101.969 Y108.670 Z0.400 E46.84677 F800
G1 X101.969 Y108.690 Z0.400 E46.84797 F800
G1 X101.639 Y108.770 Z0.400 E46.86835 F800
G1 X101.469 Y108.730 Z0.400 E46.87883 F800
G1 X101.339 Y108.720 Z0.400 E46.88665 F800
G1 X101.299 Y108.950 Z0.400 E46.90066 F800
G1 X101.269 Y109.170 Z0.400 E46.91398 F800
G1 X101.259 Y109.480 Z0.400 E46.93259 F800
G1 X101.029 Y109.490 Z0.400 E46.94640 F800
G1 X100.899 Y109.460 Z0.400 E46.95441 F800
G1 X100.719 Y109.260 Z0.400 E46.97055 F800
G1 X100.909 Y109.050 Z0.400 E46.98754 F800
G1 X100.949 Y108.880 Z0.400 E46.99802 F800
G1 X100.989 Y108.810 Z0.400 E47.00286 F800
G1 X100.989 Y108.670 Z0.400 E47.01126 F800
G1 X101.029 Y108.520 Z0.400 E47.02057 F800
G1 X101.069 Y108.510 Z0.400 E47.02305 F800
G1 X101.349 Y108.450 Z0.400 E47.04023 F800
G1 X101.279 Y108.150 Z0.400 E47.05871 F800
G1 X100.929 Y108.240 Z0.400 E47.08039 F800
G1 X100.909 Y108.120 Z0.400 E47.08769 F800
G1 X100.769 Y107.910 Z0.400 E47.10284 F800
G1 X100.589 Y107.830 Z0.400 E47.11465 F800
G1 X100.329 Y107.620 Z0.400 E47.13471 F800
G1 X100.089 Y107.550 Z0.400 E47.14971 F800
G1 X99.909 Y107.570 Z0.400 E47.16057 F800
G1 X99.879 Y107.570 Z0.400 E47.16237 F800
G1 X99.659 Y107.620 Z0.400 E47.17591 F800
G1 X99.509 Y107.750 Z0.400 E47.18782 F800
G1 X99.249 Y107.870 Z0.400 E47.20500 F800
G1 X99.069 Y108.090 Z0.400 E47.22206 F800
G1 X98.959 Y108.320 Z0.400 E47.23735 F800
G1 X98.959 Y108.500 Z0.400 E47.24815 F800
G1 X98.979 Y108.680 Z0.400 E47.25902 F800
G1 X99.059 Y109.010 Z0.400 E47.27939 F800
G1 X99.169 Y109.230 Z0.400 E47.29415 F800
G1 X99.229 Y109.320 Z0.400 E47.30064 F800
G1 X99.399 Y109.500 Z0.400 E47.31550 F800
G1 X99.629 Y109.560 Z0.400 E47.32976 F800
G1 X99.819 Y109.630 Z0.400 E47.34191 F800
G1 X100.099 Y109.650 Z0.400 E47.35875 F800
G1 X100.359 Y109.810 Z0.400 E47.37707 F800
G1 X100.409 Y109.530 Z0.400 E47.39413 F800
G1 X100.649 Y109.820 Z0.400 E47.41672 F800
G1 X101.249 Y109.780 Z0.400 E47.45280 F800
G1 X101.679 Y109.710 Z0.400 E47.47894 F800
G1 X101.609 Y109.400 Z0.400 E47.49801 F800
G1 X101.629 Y109.070 Z0.400 E47.51784 F800
G1 X101.659 Y109.030 Z0.400 E47.52084 F800
G1 X101.659 Y108.410 Z0.400 E47.55804 F800
G1 X101.669 Y108.380 Z0.400 E47.55994 F800
G1 X102.329 Y109.560 Z0.400 E47.64106 F800
G1 X103.679 Y107.710 Z0.400 E47.77848 F800
G1 X103.539 Y107.490 Z0.400 E47.79412 F800
G1 X103.809 Y107.320 Z0.400 E47.81327 F800
G1 X103.939 Y107.590 Z0.400 E47.83125 F800
G1 X103.649 Y107.030 Z0.400 E47.86908 F800
G1 X103.429 Y107.110 Z0.400 E47.88313 F800
G1 X103.279 Y106.820 Z0.400 E47.90272 F800
G1 X103.499 Y106.740 Z0.400 E47.91676 F800
G1 X102.999 Y106.610 Z0.400 E47.94776 F800
G1 X102.939 Y106.600 Z0.400 E47.95141 F800
G1 X102.909 Y106.560 Z0.400 E47.95441 F800
G1 X102.919 Y106.550 Z0.400 E47.95526 F800
G1 X102.929 Y106.480 Z0.400 E47.95950 F800
G1 X102.919 Y107.030 Z0.400 E47.99251 F800
G1 X99.469 Y107.000 Z0.400 E48.19952 F800
G1 X99.459 Y106.990 Z0.400 E48.20036 F800
G1 X99.449 Y107.010 Z0.400 E48.20171 F800
G1 X99.359 Y106.700 Z0.400 E48.22107 F800
G1 X99.309 Y106.690 Z0.400 E48.22413 F800
G1 X99.259 Y106.370 Z0.400 E48.24357 F800
G1 X99.249 Y106.340 Z0.400 E48.24546 F800
G1 X99.279 Y106.090 Z0.400 E48.26057 F800
G1 X99.309 Y106.090 Z0.400 E48.26237 F800
G1 X99.289 Y106.060 Z0.400 E48.26453 F800
G1 X98.989 Y105.760 Z0.400 E48.28999 F800
G1 X99.059 Y105.420 Z0.400 E48.31082 F800
G1 X99.119 Y105.120 Z0.400 E48.32917 F800
G1 X99.149 Y104.810 Z0.400 E48.34786 F800
G1 X99.149 Y104.800 Z0.400 E48.34846 F800
G1 X99.149 Y104.760 Z0.400 E48.35086 F800
G1 X99.179 Y104.480 Z0.400 E48.36776 F800
G1 X98.749 Y104.380 Z0.400 E48.39425 F800
G1 X98.689 Y104.680 Z0.400 E48.41260 F800
G1 X98.659 Y104.690 Z0.400 E48.41450 F800
G1 X98.659 Y104.700 Z0.400 E48.41510 F800
G1 X98.579 Y105.020 Z0.400 E48.43489 F800
G1 X98.529 Y105.330 Z0.400 E48.45373 F800
G1 X98.489 Y105.340 Z0.400 E48.45621 F800
G1 X98.409 Y105.630 Z0.400 E48.47426 F800
G1 X98.309 Y105.910 Z0.400 E48.49209 F800
G1 X98.309 Y105.950 Z0.400 E48.49449 F800
G1 X98.329 Y105.950 Z0.400 E48.49569 F800
G1 X98.119 Y106.190 Z0.400 E48.51483 F800
G1 X98.109 Y106.220 Z0.400 E48.51673 F800
G1 X98.099 Y106.220 Z0.400 E48.51733 F800
G1 X98.129 Y106.270 Z0.400 E48.52082 F800
G1 X98.209 Y106.570 Z0.400 E48.53945 F800
G1 X98.209 Y106.640 Z0.400 E48.54365 F800
G1 X98.249 Y106.640 Z0.400 E48.54605 F800
G1 X98.369 Y106.870 Z0.400 E48.56162 F800
G1 X98.449 Y106.880 Z0.400 E48.56646 F800
G1 X98.609 Y107.090 Z0.400 E48.58230 F800
G1 X98.899 Y106.890 Z0.400 E48.60343 F800
G1 X98.919 Y106.880 Z0.400 E48.60478 F800
G1 X98.959 Y106.850 Z0.400 E48.60778 F800
G1 X98.779 Y106.610 Z0.400 E48.62578 F800
G1 X98.799 Y106.570 Z0.400 E48.62846 F800
G1 X98.599 Y106.340 Z0.400 E48.64675 F800
G1 X98.569 Y106.290 Z0.400 E48.65024 F800
G1 X98.759 Y106.230 Z0.400 E48.66220 F800
G1 X98.779 Y106.070 Z0.400 E48.67187 F800
G1 X98.739 Y106.040 Z0.400 E48.67487 F800
G1 X98.719 Y106.060 Z0.400 E48.67657 F800
G1 X99.099 Y107.130 Z0.400 E48.74470 F800
G1 X98.879 Y107.350 Z0.400 E48.76337 F800
G1 X98.679 Y107.480 Z0.400 E48.77768 F800
G1 X98.679 Y107.550 Z0.400 E48.78188 F800
G1 X98.659 Y107.550 Z0.400 E48.78308 F800
G1 X97.919 Y107.540 Z0.400 E48.82748 F800
G1 X97.919 Y107.460 Z0.400 E48.83228 F800
G1 X97.639 Y107.300 Z0.400 E48.85163 F800
G1 X97.359 Y107.230 Z0.400 E48.86895 F800
G1 X97.229 Y107.470 Z0.400 E48.88533 F800
G1 X97.049 Y107.370 Z0.400 E48.89768 F800
G1 X96.929 Y107.290 Z0.400 E48.90634 F800
G1 X97.039 Y106.990 Z0.400 E48.92551 F800
G1 X97.039 Y106.960 Z0.400 E48.92731 F800
G1 X96.969 Y106.600 Z0.400 E48.94931 F800
G1 X96.359 Y106.350 Z0.400 E48.98887 F800
G1 X96.149 Y107.310 Z0.400 E49.04783 F800
G1 X96.029 Y107.590 Z0.400 E49.06611 F800
G1 X96.229 Y107.720 Z0.400 E49.08042 F800
G1 X96.079 Y108.010 Z0.400 E49.10001 F800
G1 X96.229 Y108.060 Z0.400 E49.10949 F800
G1 X95.869 Y107.870 Z0.400 E49.13392 F800
G1 X95.819 Y108.270 Z0.400 E49.15811 F800
G1 X95.539 Y108.440 Z0.400 E49.17776 F800
G1 X95.839 Y108.610 Z0.400 E49.19845 F800
G1 X95.929 Y108.710 Z0.400 E49.20652 F800
G1 X95.509 Y108.840 Z0.400 E49.23290 F800
G1 X95.059 Y108.230 Z0.400 E49.27838 F800
G1 X94.949 Y108.160 Z0.400 E49.28620 F800
G1 X94.969 Y108.120 Z0.400 E49.28889 F800
G1 X95.149 Y107.870 Z0.400 E49.30737 F800
G1 X95.259 Y107.910 Z0.400 E49.31439 F800
G1 X94.839 Y108.460 Z0.400 E49.35592 F800
G1 X94.499 Y108.250 Z0.400 E49.37989 F800
G1 X96.259 Y109.170 Z0.400 E49.49905 F800
G1 X96.449 Y108.880 Z0.400 E49.51985 F800
G1 X96.759 Y108.970 Z0.400 E49.53922 F800
G1 X96.789 Y109.020 Z0.400 E49.54272 F800
G1 X96.749 Y109.320 Z0.400 E49.56088 F800
G1 X97.309 Y109.570 Z0.400 E49.59767 F800
G1 X97.599 Y109.620 Z0.400 E49.61533 F800
G1 X97.719 Y109.270 Z0.400 E49.63753 F800
G1 X97.769 Y108.970 Z0.400 E49.65578 F800
G1 X97.479 Y108.900 Z0.400 E49.67368 F800
G1 X97.389 Y109.200 Z0.400 E49.69247 F800
G1 X97.549 Y108.550 Z0.400 E49.73264 F800
G1 X97.629 Y108.280 Z0.400 E49.74953 F800
G1 X97.949 Y108.350 Z0.400 E49.76919 F800
G1 X97.989 Y108.670 Z0.400 E49.78854 F800
G1 X98.289 Y108.770 Z0.400 E49.80751 F800
G1 X98.339 Y108.700 Z0.400 E49.81267 F800
G1 X98.279 Y108.420 Z0.400 E49.82985 F800
G1 X98.319 Y108.410 Z0.400 E49.83233 F800
G1 X98.629 Y108.480 Z0.400 E49.85139 F800
G1 X98.639 Y108.440 Z0.400 E49.85387 F800
G1 X98.639 Y108.730 Z0.400 E49.87127 F800
G1 X98.649 Y109.010 Z0.400 E49.88808 F800
G1 X98.399 Y109.080 Z0.400 E49.90366 F800
G1 X98.279 Y109.070 Z0.400 E49.91088 F800
G1 X98.269 Y109.420 Z0.400 E49.93189 F800
G1 X98.199 Y109.760 Z0.400 E49.95272 F800
G1 X98.899 Y109.820 Z0.400 E49.99487 F800
G1 X98.939 Y109.500 Z0.400 E50.01422 F800
G1 X98.759 Y109.250 Z0.400 E50.03270 F800
G1 X99.319 Y109.860 Z0.400 E50.08239 F800
G1 X99.649 Y109.860 Z0.400 E50.10219 F800
G1 X98.029 Y107.950 Z0.400 E50.25246 F800
G1 X97.769 Y107.890 Z0.400 E50.26847 F800
G1 X97.439 Y107.830 Z0.400 E50.28859 F800
G1 X97.429 Y107.860 Z0.400 E50.29049 F800
G1 X97.139 Y107.780 Z0.400 E50.30854 F800
G1 X96.939 Y107.670 Z0.400 E50.32223 F800
G1 X96.739 Y107.950 Z0.400 E50.34288 F800
G1 X96.679 Y108.270 Z0.400 E50.36241 F800
G1 X96.949 Y108.350 Z0.400 E50.37931 F800
G1 X97.029 Y108.410 Z0.400 E50.38531 F800
G1 X96.899 Y108.690 Z0.400 E50.40383 F800
G1 X96.829 Y108.650 Z0.400 E50.40867 F800
G1 X96.479 Y108.540 Z0.400 E50.43068 F800
G1 X97.079 Y108.080 Z0.400 E50.47605 F800
G1 X97.159 Y108.090 Z0.400 E50.48088 F800
G1 X96.539 Y107.490 Z0.400 E50.53265 F800
G1 X96.429 Y107.430 Z0.400 E50.54017 F800


G92 E0
G1 E-1 F1800 ; retract
G1 Z5 F3000 ; move Z up
M104 S0 ; turn off extruder
M140 S0 ; turn off bed
M107 ; turn off fan
G28 X0 Y0 ; home XY axes
M84 ; disable motors
; End of print