G90
M82
M106 S0
M140 S60
M190 S60
M104 S210 T0
M109 S210 T0
G92 A0 ; zero extruder
G28 ; home all axes
G1 Z0.4 ; position nozzle
G1 X10 Y10 ; prepare to extrude
G1 X210 Y10 E12.5 F800; Extrude line
M73 P1 ;@body (notify GPX body has started)
; process Process1
; layer 1, Z = 0.196
T0
G92 E0.0000

; --- Generated toolpaths: gen_label3_gear-bevel_area1.0.gcode ---
; feedrate=800, z_height=0.4, E_per_mm=0.06

; polyline 1
G1 X98.069 Y99.824 Z0.400 F800
G1 X97.779 Y99.804 Z0.400 E0.01744 F800
G1 X98.119 Y99.394 Z0.400 E0.04940 F800
G1 X98.069 Y98.774 Z0.400 E0.08672 F800
G1 X98.299 Y98.894 Z0.400 E0.10229 F800
G1 X98.339 Y98.364 Z0.400 E0.13418 F800
G1 X98.599 Y98.534 Z0.400 E0.15281 F800
G1 X99.009 Y98.304 Z0.400 E0.18102 F800
G1 X99.029 Y98.334 Z0.400 E0.18318 F800
G1 X98.839 Y97.994 Z0.400 E0.20655 F800
G1 X99.319 Y98.134 Z0.400 E0.23655 F800
G1 X99.309 Y97.744 Z0.400 E0.25996 F800
G1 X99.429 Y98.054 Z0.400 E0.27991 F800
G1 X99.879 Y98.104 Z0.400 E0.30707 F800
G1 X99.899 Y97.734 Z0.400 E0.32930 F800
G1 X100.329 Y98.074 Z0.400 E0.36220 F800
G1 X100.339 Y98.104 Z0.400 E0.36409 F800
G1 X100.429 Y97.784 Z0.400 E0.38404 F800
G1 X100.759 Y98.274 Z0.400 E0.41948 F800
G1 X100.909 Y98.014 Z0.400 E0.43749 F800
G1 X100.909 Y98.044 Z0.400 E0.43929 F800
G1 X101.389 Y98.304 Z0.400 E0.47205 F800
G1 X101.379 Y98.354 Z0.400 E0.47511 F800
G1 X101.149 Y98.594 Z0.400 E0.49505 F800
G1 X101.709 Y98.744 Z0.400 E0.52984 F800
G1 X101.469 Y98.904 Z0.400 E0.54714 F800
G1 X101.779 Y99.334 Z0.400 E0.57895 F800
G1 X101.999 Y99.854 Z0.400 E0.61283 F800
G1 X101.679 Y99.864 Z0.400 E0.63204 F800
G1 X101.939 Y100.364 Z0.400 E0.66585 F800
G1 X101.609 Y100.284 Z0.400 E0.68622 F800
G1 X101.469 Y100.694 Z0.400 E0.71222 F800
G1 X101.789 Y100.944 Z0.400 E0.73658 F800
G1 X101.319 Y101.334 Z0.400 E0.77323 F800
G1 X101.099 Y101.104 Z0.400 E0.79232 F800
G1 X100.799 Y101.424 Z0.400 E0.81864 F800
G1 X100.909 Y101.634 Z0.400 E0.83286 F800
G1 X100.739 Y101.344 Z0.400 E0.85303 F800
G1 X100.349 Y101.604 Z0.400 E0.88116 F800
G1 X100.399 Y101.874 Z0.400 E0.89763 F800
G1 X99.889 Y101.664 Z0.400 E0.93072 F800
G1 X99.849 Y101.984 Z0.400 E0.95007 F800
G1 X99.339 Y101.894 Z0.400 E0.98115 F800
G1 X99.399 Y101.584 Z0.400 E1.00009 F800
G1 X98.979 Y101.414 Z0.400 E1.02728 F800
G1 X98.849 Y101.604 Z0.400 E1.04109 F800
G1 X98.949 Y101.384 Z0.400 E1.05559 F800
G1 X98.379 Y101.324 Z0.400 E1.08998 F800
G1 X98.579 Y101.064 Z0.400 E1.10966 F800
G1 X98.319 Y100.744 Z0.400 E1.13440 F800
G1 X98.049 Y100.884 Z0.400 E1.15265 F800
G1 X98.119 Y100.304 Z0.400 E1.18770 F800
G1 X97.829 Y100.324 Z0.400 E1.20514 F800
G1 X98.089 Y99.874 Z0.400 E1.23632 F800
G1 X98.069 Y99.824 Z0.400 E1.23956 F800

; polyline 2
G1 X97.439 Y99.824 Z0.400 F800
G1 X97.669 Y99.244 Z0.400 E1.27699 F800
G1 X97.639 Y98.494 Z0.400 E1.32203 F800
G1 X98.139 Y98.114 Z0.400 E1.35971 F800
G1 X98.649 Y97.704 Z0.400 E1.39897 F800
G1 X99.229 Y97.454 Z0.400 E1.43687 F800
G1 X99.169 Y97.214 Z0.400 E1.45171 F800
G1 X99.869 Y97.284 Z0.400 E1.49392 F800
G1 X100.489 Y97.414 Z0.400 E1.53193 F800
G1 X101.079 Y97.724 Z0.400 E1.57192 F800
G1 X101.569 Y98.094 Z0.400 E1.60876 F800
G1 X101.969 Y98.614 Z0.400 E1.64812 F800
G1 X102.279 Y99.184 Z0.400 E1.68705 F800
G1 X102.369 Y99.854 Z0.400 E1.72761 F800
G1 X102.259 Y100.474 Z0.400 E1.76539 F800
G1 X102.239 Y101.194 Z0.400 E1.80861 F800
G1 X101.639 Y101.564 Z0.400 E1.85090 F800
G1 X101.529 Y101.504 Z0.400 E1.85842 F800
G1 X101.099 Y101.944 Z0.400 E1.89534 F800
G1 X101.209 Y102.174 Z0.400 E1.91063 F800
G1 X100.529 Y102.224 Z0.400 E1.95154 F800
G1 X100.509 Y102.244 Z0.400 E1.95324 F800
G1 X99.899 Y102.284 Z0.400 E1.98992 F800
G1 X99.269 Y102.184 Z0.400 E2.02819 F800
G1 X98.679 Y101.964 Z0.400 E2.06597 F800
G1 X98.679 Y101.924 Z0.400 E2.06837 F800
G1 X98.629 Y101.954 Z0.400 E2.07187 F800
G1 X98.109 Y101.584 Z0.400 E2.11016 F800
G1 X97.759 Y101.054 Z0.400 E2.14827 F800
G1 X97.479 Y100.404 Z0.400 E2.19074 F800
G1 X97.439 Y99.824 Z0.400 E2.22562 F800

; polyline 3
G1 X97.109 Y99.834 Z0.400 F800
G1 X96.749 Y99.814 Z0.400 E2.24725 F800
G1 X97.089 Y99.784 Z0.400 E2.26773 F800
G1 X96.919 Y99.074 Z0.400 E2.31154 F800
G1 X97.209 Y99.084 Z0.400 E2.32895 F800
G1 X97.239 Y98.314 Z0.400 E2.37518 F800
G1 X97.929 Y97.884 Z0.400 E2.42396 F800
G1 X97.919 Y97.864 Z0.400 E2.42530 F800
G1 X97.689 Y97.624 Z0.400 E2.44525 F800
G1 X98.479 Y97.434 Z0.400 E2.49400 F800
G1 X98.499 Y97.444 Z0.400 E2.49534 F800
G1 X98.329 Y97.144 Z0.400 E2.51603 F800
G1 X98.339 Y97.144 Z0.400 E2.51663 F800
G1 X98.329 Y97.124 Z0.400 E2.51797 F800
G1 X98.319 Y97.104 Z0.400 E2.51931 F800
G1 X98.499 Y97.414 Z0.400 E2.54082 F800
G1 X99.099 Y96.834 Z0.400 E2.59089 F800
G1 X99.869 Y96.754 Z0.400 E2.63734 F800
G1 X100.659 Y96.804 Z0.400 E2.68484 F800
G1 X100.589 Y97.164 Z0.400 E2.70684 F800
G1 X101.419 Y97.104 Z0.400 E2.75677 F800
G1 X101.419 Y97.124 Z0.400 E2.75797 F800
G1 X101.419 Y97.154 Z0.400 E2.75977 F800
G1 X101.279 Y97.404 Z0.400 E2.77696 F800
G1 X101.279 Y97.444 Z0.400 E2.77936 F800
G1 X101.839 Y97.864 Z0.400 E2.82136 F800
G1 X102.049 Y97.664 Z0.400 E2.83876 F800
G1 X102.359 Y98.384 Z0.400 E2.88580 F800
G1 X102.849 Y99.004 Z0.400 E2.93321 F800
G1 X102.569 Y99.094 Z0.400 E2.95086 F800
G1 X102.949 Y99.814 Z0.400 E2.99971 F800
G1 X102.649 Y99.834 Z0.400 E3.01775 F800
G1 X102.559 Y100.534 Z0.400 E3.06009 F800
G1 X102.819 Y100.674 Z0.400 E3.07781 F800
G1 X102.589 Y101.384 Z0.400 E3.12259 F800
G1 X102.019 Y102.014 Z0.400 E3.17356 F800
G1 X101.809 Y101.814 Z0.400 E3.19096 F800
G1 X101.989 Y102.014 Z0.400 E3.20711 F800
G1 X101.479 Y102.554 Z0.400 E3.25167 F800
G1 X101.279 Y102.224 Z0.400 E3.27483 F800
G1 X101.269 Y102.234 Z0.400 E3.27568 F800
G1 X101.269 Y102.254 Z0.400 E3.27688 F800
G1 X101.419 Y102.524 Z0.400 E3.29541 F800
G1 X101.359 Y102.454 Z0.400 E3.30094 F800
G1 X101.389 Y102.514 Z0.400 E3.30496 F800
G1 X101.399 Y102.554 Z0.400 E3.30744 F800
G1 X100.619 Y102.494 Z0.400 E3.35438 F800
G1 X100.629 Y102.794 Z0.400 E3.37239 F800
G1 X99.869 Y102.904 Z0.400 E3.41846 F800
G1 X99.849 Y102.614 Z0.400 E3.43590 F800
G1 X99.169 Y102.554 Z0.400 E3.47686 F800
G1 X99.089 Y102.804 Z0.400 E3.49261 F800
G1 X98.519 Y102.264 Z0.400 E3.53972 F800
G1 X98.359 Y102.544 Z0.400 E3.55907 F800
G1 X98.509 Y102.234 Z0.400 E3.57973 F800
G1 X98.319 Y102.524 Z0.400 E3.60054 F800
G1 X98.319 Y102.514 Z0.400 E3.60114 F800
G1 X98.309 Y102.464 Z0.400 E3.60419 F800
G1 X97.829 Y101.924 Z0.400 E3.64754 F800
G1 X97.359 Y101.324 Z0.400 E3.69327 F800
G1 X96.889 Y100.624 Z0.400 E3.74386 F800
G1 X97.209 Y100.504 Z0.400 E3.76437 F800
G1 X96.769 Y99.844 Z0.400 E3.81196 F800
G1 X97.109 Y99.834 Z0.400 E3.83237 F800

; polyline 4
G1 X89.939 Y100.774 Z0.400 F800
G1 X90.049 Y101.054 Z0.400 E3.85042 F800
G1 X90.409 Y100.454 Z0.400 E3.89240 F800
G1 X90.679 Y100.244 Z0.400 E3.91293 F800
G1 X91.129 Y100.354 Z0.400 E3.94072 F800
G1 X90.999 Y100.624 Z0.400 E3.95870 F800
G1 X90.739 Y100.894 Z0.400 E3.98119 F800
G1 X91.569 Y100.624 Z0.400 E4.03356 F800
G1 X91.799 Y100.364 Z0.400 E4.05439 F800
G1 X91.999 Y100.254 Z0.400 E4.06808 F800
G1 X92.259 Y100.084 Z0.400 E4.08672 F800
G1 X92.549 Y99.974 Z0.400 E4.10533 F800
G1 X92.899 Y99.994 Z0.400 E4.12637 F800
G1 X93.039 Y100.374 Z0.400 E4.15066 F800
G1 X92.899 Y100.404 Z0.400 E4.15926 F800
G1 X92.709 Y100.494 Z0.400 E4.17187 F800
G1 X92.479 Y100.554 Z0.400 E4.18613 F800
G1 X92.229 Y100.574 Z0.400 E4.20118 F800
G1 X92.129 Y100.634 Z0.400 E4.20818 F800
G1 X91.909 Y100.814 Z0.400 E4.22523 F800
G1 X92.129 Y101.274 Z0.400 E4.25583 F800
G1 X91.939 Y101.394 Z0.400 E4.26931 F800
G1 X92.379 Y101.444 Z0.400 E4.29588 F800
G1 X92.559 Y101.254 Z0.400 E4.31158 F800
G1 X92.889 Y101.344 Z0.400 E4.33211 F800
G1 X92.819 Y101.824 Z0.400 E4.36121 F800
G1 X92.489 Y102.004 Z0.400 E4.38376 F800
G1 X92.299 Y102.344 Z0.400 E4.40713 F800
G1 X92.619 Y102.534 Z0.400 E4.42946 F800
G1 X92.449 Y102.744 Z0.400 E4.44567 F800
G1 X91.979 Y102.644 Z0.400 E4.47451 F800
G1 X91.779 Y102.174 Z0.400 E4.50515 F800
G1 X92.079 Y101.874 Z0.400 E4.53061 F800
G1 X91.539 Y101.654 Z0.400 E4.56559 F800
G1 X91.309 Y102.084 Z0.400 E4.59485 F800
G1 X91.449 Y102.494 Z0.400 E4.62085 F800
G1 X91.189 Y102.604 Z0.400 E4.63779 F800
G1 X90.849 Y102.764 Z0.400 E4.66033 F800
G1 X91.229 Y103.034 Z0.400 E4.68830 F800
G1 X91.509 Y102.894 Z0.400 E4.70708 F800
G1 X90.669 Y103.454 Z0.400 E4.76766 F800
G1 X90.459 Y103.254 Z0.400 E4.78506 F800
G1 X92.259 Y103.814 Z0.400 E4.89816 F800
G1 X92.119 Y104.214 Z0.400 E4.92359 F800
G1 X92.449 Y104.244 Z0.400 E4.94347 F800
G1 X92.649 Y104.104 Z0.400 E4.95812 F800
G1 X92.609 Y104.514 Z0.400 E4.98284 F800
G1 X92.319 Y104.644 Z0.400 E5.00191 F800
G1 X92.459 Y105.034 Z0.400 E5.02677 F800
G1 X92.099 Y105.054 Z0.400 E5.04840 F800
G1 X91.829 Y104.754 Z0.400 E5.07262 F800
G1 X91.759 Y105.564 Z0.400 E5.12140 F800
G1 X92.959 Y104.564 Z0.400 E5.21512 F800
G1 X93.079 Y104.284 Z0.400 E5.23340 F800
G1 X93.179 Y103.934 Z0.400 E5.25524 F800
G1 X93.279 Y103.704 Z0.400 E5.27029 F800
G1 X93.529 Y103.484 Z0.400 E5.29027 F800
G1 X93.889 Y103.324 Z0.400 E5.31391 F800
G1 X94.159 Y103.114 Z0.400 E5.33443 F800
G1 X94.239 Y102.874 Z0.400 E5.34961 F800
G1 X94.469 Y102.834 Z0.400 E5.36362 F800
G1 X94.569 Y102.974 Z0.400 E5.37394 F800
G1 X94.639 Y102.934 Z0.400 E5.37878 F800
G1 X94.759 Y102.714 Z0.400 E5.39381 F800
G1 X95.049 Y102.564 Z0.400 E5.41340 F800
G1 X95.259 Y102.484 Z0.400 E5.42688 F800
G1 X95.359 Y102.284 Z0.400 E5.44030 F800
G1 X95.489 Y102.364 Z0.400 E5.44946 F800
G1 X95.769 Y102.214 Z0.400 E5.46852 F800
G1 X95.769 Y102.184 Z0.400 E5.47032 F800
G1 X95.839 Y102.214 Z0.400 E5.47489 F800
G1 X95.659 Y102.024 Z0.400 E5.49059 F800
G1 X96.079 Y102.064 Z0.400 E5.51591 F800
G1 X96.109 Y102.014 Z0.400 E5.51940 F800
G1 X96.349 Y101.894 Z0.400 E5.53550 F800
G1 X96.359 Y101.844 Z0.400 E5.53856 F800
G1 X96.639 Y101.684 Z0.400 E5.55791 F800
G1 X96.969 Y101.524 Z0.400 E5.57992 F800
G1 X97.359 Y101.324 Z0.400 E5.60621 F800
G1 X97.759 Y101.054 Z0.400 E5.63517 F800
G1 X98.049 Y100.884 Z0.400 E5.65534 F800
G1 X98.319 Y100.744 Z0.400 E5.67359 F800
G1 X98.579 Y101.064 Z0.400 E5.69833 F800
G1 X98.379 Y101.324 Z0.400 E5.71801 F800
G1 X98.109 Y101.584 Z0.400 E5.74050 F800
G1 X97.829 Y101.924 Z0.400 E5.76693 F800
G1 X97.479 Y102.264 Z0.400 E5.79620 F800
G1 X97.249 Y102.394 Z0.400 E5.81205 F800
G1 X97.269 Y102.474 Z0.400 E5.81700 F800
G1 X97.039 Y102.754 Z0.400 E5.83874 F800
G1 X96.769 Y102.934 Z0.400 E5.85821 F800
G1 X96.599 Y103.144 Z0.400 E5.87442 F800
G1 X96.579 Y103.234 Z0.400 E5.87996 F800
G1 X96.579 Y103.294 Z0.400 E5.88356 F800
G1 X96.209 Y103.324 Z0.400 E5.90583 F800
G1 X96.109 Y103.404 Z0.400 E5.91351 F800
G1 X96.209 Y103.454 Z0.400 E5.92022 F800
G1 X95.929 Y103.634 Z0.400 E5.94019 F800
G1 X95.829 Y103.824 Z0.400 E5.95308 F800
G1 X95.659 Y103.874 Z0.400 E5.96371 F800
G1 X95.679 Y103.984 Z0.400 E5.97042 F800
G1 X95.579 Y104.174 Z0.400 E5.98330 F800
G1 X95.649 Y104.234 Z0.400 E5.98883 F800
G1 X95.539 Y104.284 Z0.400 E5.99608 F800
G1 X95.449 Y104.234 Z0.400 E6.00226 F800
G1 X95.379 Y104.054 Z0.400 E6.01385 F800
G1 X95.139 Y104.224 Z0.400 E6.03149 F800
G1 X95.209 Y104.444 Z0.400 E6.04534 F800
G1 X95.409 Y104.464 Z0.400 E6.05740 F800
G1 X95.409 Y104.494 Z0.400 E6.05920 F800
G1 X95.409 Y104.594 Z0.400 E6.06520 F800
G1 X95.389 Y104.724 Z0.400 E6.07310 F800
G1 X95.259 Y104.844 Z0.400 E6.08371 F800
G1 X95.179 Y105.034 Z0.400 E6.09608 F800
G1 X95.099 Y105.164 Z0.400 E6.10524 F800
G1 X95.029 Y105.334 Z0.400 E6.11627 F800
G1 X94.949 Y105.414 Z0.400 E6.12306 F800
G1 X94.819 Y105.664 Z0.400 E6.13996 F800
G1 X94.769 Y105.634 Z0.400 E6.14346 F800
G1 X94.729 Y105.924 Z0.400 E6.16103 F800
G1 X94.359 Y106.084 Z0.400 E6.18521 F800
G1 X94.289 Y105.844 Z0.400 E6.20021 F800
G1 X94.419 Y105.484 Z0.400 E6.22318 F800
G1 X94.509 Y105.244 Z0.400 E6.23856 F800
G1 X94.699 Y104.994 Z0.400 E6.25740 F800
G1 X94.839 Y104.734 Z0.400 E6.27512 F800
G1 X94.489 Y104.474 Z0.400 E6.30128 F800
G1 X94.799 Y104.284 Z0.400 E6.32309 F800
G1 X94.149 Y104.614 Z0.400 E6.36683 F800
G1 X93.809 Y104.754 Z0.400 E6.38889 F800
G1 X94.019 Y105.004 Z0.400 E6.40848 F800
G1 X93.999 Y105.264 Z0.400 E6.42413 F800
G1 X93.629 Y105.124 Z0.400 E6.44786 F800
G1 X93.469 Y105.084 Z0.400 E6.45776 F800
G1 X93.499 Y105.624 Z0.400 E6.49021 F800
G1 X93.449 Y105.884 Z0.400 E6.50610 F800
G1 X93.699 Y106.024 Z0.400 E6.52329 F800
G1 X93.899 Y105.884 Z0.400 E6.53794 F800
G1 X93.879 Y105.734 Z0.400 E6.54702 F800
G1 X93.889 Y106.254 Z0.400 E6.57822 F800
G1 X94.059 Y106.464 Z0.400 E6.59443 F800
G1 X93.679 Y106.534 Z0.400 E6.61762 F800
G1 X93.659 Y106.804 Z0.400 E6.63386 F800
G1 X93.349 Y106.764 Z0.400 E6.65261 F800
G1 X93.329 Y106.454 Z0.400 E6.67125 F800
G1 X94.049 Y106.864 Z0.400 E6.72097 F800
G1 X93.559 Y107.444 Z0.400 E6.76652 F800
G1 X93.309 Y107.304 Z0.400 E6.78371 F800
G1 X95.089 Y107.004 Z0.400 E6.89202 F800
G1 X95.199 Y107.334 Z0.400 E6.91289 F800
G1 X95.519 Y107.394 Z0.400 E6.93243 F800
G1 X95.709 Y107.534 Z0.400 E6.94659 F800
G1 X95.539 Y107.904 Z0.400 E6.97102 F800
G1 X95.269 Y107.734 Z0.400 E6.99016 F800
G1 X95.179 Y108.114 Z0.400 E7.01359 F800
G1 X95.739 Y108.234 Z0.400 E7.04796 F800
G1 X95.939 Y107.934 Z0.400 E7.06959 F800
G1 X96.109 Y107.244 Z0.400 E7.11223 F800
G1 X96.079 Y106.954 Z0.400 E7.12972 F800
G1 X96.019 Y106.804 Z0.400 E7.13941 F800
G1 X96.009 Y106.614 Z0.400 E7.15083 F800
G1 X96.029 Y106.394 Z0.400 E7.16408 F800
G1 X96.079 Y106.124 Z0.400 E7.18056 F800
G1 X96.279 Y105.814 Z0.400 E7.20269 F800
G1 X96.589 Y105.984 Z0.400 E7.22391 F800
G1 X96.639 Y105.884 Z0.400 E7.23062 F800
G1 X96.649 Y105.814 Z0.400 E7.23486 F800
G1 X96.669 Y105.784 Z0.400 E7.23702 F800
G1 X96.719 Y105.754 Z0.400 E7.24052 F800
G1 X96.729 Y105.734 Z0.400 E7.24186 F800
G1 X96.679 Y105.554 Z0.400 E7.25307 F800
G1 X96.719 Y105.494 Z0.400 E7.25740 F800
G1 X96.719 Y105.474 Z0.400 E7.25860 F800
G1 X96.719 Y105.464 Z0.400 E7.25920 F800
G1 X96.729 Y105.474 Z0.400 E7.26005 F800
G1 X96.739 Y105.464 Z0.400 E7.26089 F800
G1 X96.739 Y105.454 Z0.400 E7.26149 F800
G1 X96.729 Y105.454 Z0.400 E7.26209 F800
G1 X96.729 Y105.444 Z0.400 E7.26269 F800
G1 X96.719 Y105.444 Z0.400 E7.26329 F800
G1 X96.719 Y105.434 Z0.400 E7.26389 F800
G1 X96.719 Y105.424 Z0.400 E7.26449 F800
G1 X96.729 Y105.424 Z0.400 E7.26509 F800
G1 X96.729 Y105.414 Z0.400 E7.26569 F800
G1 X96.729 Y105.404 Z0.400 E7.26629 F800
G1 X96.719 Y105.394 Z0.400 E7.26714 F800
G1 X96.709 Y105.424 Z0.400 E7.26904 F800
G1 X96.709 Y105.444 Z0.400 E7.27024 F800
G1 X96.699 Y105.454 Z0.400 E7.27109 F800
G1 X96.739 Y105.444 Z0.400 E7.27356 F800
G1 X96.749 Y105.434 Z0.400 E7.27441 F800
G1 X96.749 Y105.424 Z0.400 E7.27501 F800
G1 X96.759 Y105.454 Z0.400 E7.27691 F800
G1 X96.779 Y105.454 Z0.400 E7.27811 F800
G1 X96.739 Y105.484 Z0.400 E7.28111 F800
G1 X96.779 Y105.244 Z0.400 E7.29571 F800
G1 X96.789 Y105.244 Z0.400 E7.29631 F800
G1 X96.799 Y105.234 Z0.400 E7.29716 F800
G1 X96.799 Y105.214 Z0.400 E7.29836 F800
G1 X96.789 Y105.214 Z0.400 E7.29896 F800
G1 X96.789 Y105.204 Z0.400 E7.29956 F800
G1 X96.789 Y105.194 Z0.400 E7.30016 F800
G1 X96.779 Y105.194 Z0.400 E7.30076 F800
G1 X96.769 Y105.194 Z0.400 E7.30136 F800
G1 X96.779 Y105.184 Z0.400 E7.30220 F800
G1 X96.799 Y105.204 Z0.400 E7.30390 F800
G1 X96.769 Y105.214 Z0.400 E7.30580 F800
G1 X96.759 Y105.214 Z0.400 E7.30640 F800
G1 X96.749 Y105.184 Z0.400 E7.30830 F800
G1 X96.769 Y105.154 Z0.400 E7.31046 F800
G1 X96.809 Y105.164 Z0.400 E7.31293 F800
G1 X96.829 Y105.104 Z0.400 E7.31673 F800
G1 X96.779 Y105.094 Z0.400 E7.31979 F800
G1 X96.789 Y104.984 Z0.400 E7.32641 F800
G1 X96.589 Y105.014 Z0.400 E7.33855 F800
G1 X96.629 Y105.184 Z0.400 E7.34903 F800
G1 X96.829 Y105.234 Z0.400 E7.36140 F800
G1 X96.399 Y105.224 Z0.400 E7.38720 F800
G1 X96.449 Y105.474 Z0.400 E7.40250 F800
G1 X96.089 Y105.444 Z0.400 E7.42418 F800
G1 X95.749 Y105.654 Z0.400 E7.44815 F800
G1 X95.529 Y105.884 Z0.400 E7.46725 F800
G1 X95.469 Y106.174 Z0.400 E7.48502 F800
G1 X95.229 Y106.094 Z0.400 E7.50020 F800
G1 X95.189 Y106.234 Z0.400 E7.50893 F800
G1 X95.189 Y106.454 Z0.400 E7.52213 F800
G1 X94.989 Y106.444 Z0.400 E7.53415 F800
G1 X95.569 Y106.624 Z0.400 E7.57059 F800
G1 X95.609 Y107.054 Z0.400 E7.59650 F800
G1 X96.409 Y107.024 Z0.400 E7.64453 F800
G1 X96.439 Y106.784 Z0.400 E7.65904 F800
G1 X96.439 Y106.764 Z0.400 E7.66024 F800
G1 X96.529 Y106.534 Z0.400 E7.67506 F800
G1 X96.499 Y106.434 Z0.400 E7.68133 F800
G1 X96.569 Y106.404 Z0.400 E7.68589 F800
G1 X96.519 Y106.284 Z0.400 E7.69369 F800
G1 X96.579 Y106.144 Z0.400 E7.70283 F800
G1 X96.599 Y106.104 Z0.400 E7.70552 F800
G1 X96.539 Y106.104 Z0.400 E7.70912 F800
G1 X97.109 Y106.754 Z0.400 E7.76099 F800
G1 X97.289 Y106.924 Z0.400 E7.77584 F800
G1 X97.019 Y107.064 Z0.400 E7.79409 F800
G1 X96.889 Y107.054 Z0.400 E7.80192 F800
G1 X96.939 Y107.264 Z0.400 E7.81487 F800
G1 X97.039 Y107.434 Z0.400 E7.82670 F800
G1 X96.749 Y107.484 Z0.400 E7.84436 F800
G1 X97.029 Y107.944 Z0.400 E7.87667 F800
G1 X97.179 Y108.254 Z0.400 E7.89733 F800
G1 X97.469 Y107.974 Z0.400 E7.92152 F800
G1 X97.539 Y107.854 Z0.400 E7.92985 F800
G1 X97.429 Y107.584 Z0.400 E7.94735 F800
G1 X97.329 Y107.264 Z0.400 E7.96746 F800
G1 X97.719 Y107.224 Z0.400 E7.99099 F800
G1 X97.769 Y107.334 Z0.400 E7.99824 F800
G1 X97.869 Y107.494 Z0.400 E8.00956 F800
G1 X97.839 Y107.674 Z0.400 E8.02050 F800
G1 X98.049 Y107.734 Z0.400 E8.03361 F800
G1 X98.289 Y107.654 Z0.400 E8.04879 F800
G1 X98.259 Y107.384 Z0.400 E8.06509 F800
G1 X98.279 Y107.354 Z0.400 E8.06725 F800
G1 X98.259 Y107.124 Z0.400 E8.08110 F800
G1 X98.229 Y107.074 Z0.400 E8.08460 F800
G1 X98.339 Y107.034 Z0.400 E8.09162 F800
G1 X98.279 Y106.834 Z0.400 E8.10415 F800
G1 X98.209 Y106.734 Z0.400 E8.11148 F800
G1 X98.209 Y106.704 Z0.400 E8.11328 F800
G1 X98.219 Y106.624 Z0.400 E8.11811 F800
G1 X98.359 Y106.674 Z0.400 E8.12703 F800
G1 X98.269 Y106.474 Z0.400 E8.14019 F800
G1 X98.259 Y106.464 Z0.400 E8.14104 F800
G1 X98.249 Y106.364 Z0.400 E8.14707 F800
G1 X98.219 Y106.344 Z0.400 E8.14923 F800
G1 X98.259 Y106.324 Z0.400 E8.15192 F800
G1 X98.169 Y106.404 Z0.400 E8.15914 F800
G1 X98.259 Y106.174 Z0.400 E8.17396 F800
G1 X98.209 Y106.104 Z0.400 E8.17912 F800
G1 X98.229 Y106.084 Z0.400 E8.18082 F800
G1 X98.229 Y106.074 Z0.400 E8.18142 F800
G1 X98.229 Y106.054 Z0.400 E8.18262 F800
G1 X98.229 Y106.034 Z0.400 E8.18382 F800
G1 X98.229 Y106.024 Z0.400 E8.18442 F800
G1 X98.219 Y106.024 Z0.400 E8.18502 F800
G1 X98.239 Y106.024 Z0.400 E8.18622 F800
G1 X98.209 Y106.044 Z0.400 E8.18838 F800
G1 X98.209 Y106.054 Z0.400 E8.18898 F800
G1 X98.189 Y105.974 Z0.400 E8.19393 F800
G1 X98.259 Y105.934 Z0.400 E8.19877 F800
G1 X98.239 Y105.814 Z0.400 E8.20607 F800
G1 X98.219 Y105.804 Z0.400 E8.20741 F800
G1 X98.179 Y105.724 Z0.400 E8.21278 F800
G1 X98.209 Y105.704 Z0.400 E8.21494 F800
G1 X98.119 Y105.794 Z0.400 E8.22258 F800
G1 X97.999 Y105.654 Z0.400 E8.23364 F800
G1 X98.099 Y105.444 Z0.400 E8.24760 F800
G1 X98.189 Y105.384 Z0.400 E8.25409 F800
G1 X98.229 Y105.434 Z0.400 E8.25793 F800
G1 X98.209 Y105.144 Z0.400 E8.27537 F800
G1 X98.209 Y105.094 Z0.400 E8.27837 F800
G1 X98.249 Y105.024 Z0.400 E8.28321 F800
G1 X98.209 Y104.854 Z0.400 E8.29368 F800
G1 X98.299 Y104.824 Z0.400 E8.29938 F800
G1 X98.339 Y104.764 Z0.400 E8.30370 F800
G1 X98.339 Y104.754 Z0.400 E8.30430 F800
G1 X98.359 Y104.744 Z0.400 E8.30564 F800
G1 X98.369 Y104.784 Z0.400 E8.30812 F800
G1 X98.369 Y104.794 Z0.400 E8.30872 F800
G1 X98.339 Y104.674 Z0.400 E8.31614 F800
G1 X98.279 Y104.324 Z0.400 E8.33745 F800
G1 X98.669 Y104.414 Z0.400 E8.36146 F800
G1 X98.799 Y104.434 Z0.400 E8.36935 F800
G1 X98.759 Y104.624 Z0.400 E8.38100 F800
G1 X98.759 Y104.114 Z0.400 E8.41160 F800
G1 X98.709 Y104.084 Z0.400 E8.41510 F800
G1 X98.699 Y104.064 Z0.400 E8.41644 F800
G1 X98.769 Y103.794 Z0.400 E8.43318 F800
G1 X98.789 Y103.734 Z0.400 E8.43697 F800
G1 X98.839 Y103.754 Z0.400 E8.44021 F800
G1 X98.909 Y103.464 Z0.400 E8.45810 F800
G1 X98.999 Y103.124 Z0.400 E8.47921 F800
G1 X99.089 Y102.804 Z0.400 E8.49915 F800
G1 X99.169 Y102.554 Z0.400 E8.51490 F800
G1 X99.269 Y102.184 Z0.400 E8.53790 F800
G1 X99.339 Y101.894 Z0.400 E8.55580 F800
G1 X99.399 Y101.584 Z0.400 E8.57474 F800
G1 X98.979 Y101.414 Z0.400 E8.60193 F800
G1 X98.949 Y101.384 Z0.400 E8.60447 F800
G1 X98.849 Y101.604 Z0.400 E8.61897 F800
G1 X98.679 Y101.924 Z0.400 E8.64072 F800
G1 X98.679 Y101.964 Z0.400 E8.64312 F800
G1 X98.629 Y101.954 Z0.400 E8.64617 F800
G1 X98.509 Y102.234 Z0.400 E8.66445 F800
G1 X98.519 Y102.264 Z0.400 E8.66635 F800
G1 X98.309 Y102.464 Z0.400 E8.68375 F800
G1 X98.319 Y102.514 Z0.400 E8.68681 F800
G1 X98.319 Y102.524 Z0.400 E8.68741 F800
G1 X98.359 Y102.544 Z0.400 E8.69009 F800
G1 X98.179 Y102.764 Z0.400 E8.70715 F800
G1 X98.199 Y102.794 Z0.400 E8.70931 F800
G1 X98.169 Y102.844 Z0.400 E8.71281 F800
G1 X98.139 Y102.844 Z0.400 E8.71461 F800
G1 X98.109 Y102.844 Z0.400 E8.71641 F800
G1 X98.129 Y102.804 Z0.400 E8.71909 F800
G1 X98.119 Y102.784 Z0.400 E8.72043 F800
G1 X98.109 Y102.764 Z0.400 E8.72178 F800
G1 X98.229 Y102.864 Z0.400 E8.73115 F800
G1 X98.029 Y103.064 Z0.400 E8.74812 F800
G1 X98.029 Y103.074 Z0.400 E8.74872 F800
G1 X97.999 Y103.084 Z0.400 E8.75062 F800
G1 X97.999 Y103.094 Z0.400 E8.75122 F800
G1 X98.009 Y103.104 Z0.400 E8.75207 F800
G1 X97.869 Y103.324 Z0.400 E8.76771 F800
G1 X97.849 Y103.354 Z0.400 E8.76987 F800
G1 X97.859 Y103.364 Z0.400 E8.77072 F800
G1 X97.849 Y103.384 Z0.400 E8.77206 F800
G1 X97.829 Y103.404 Z0.400 E8.77376 F800
G1 X97.819 Y103.364 Z0.400 E8.77624 F800
G1 X97.829 Y103.354 Z0.400 E8.77708 F800
G1 X97.789 Y103.354 Z0.400 E8.77948 F800
G1 X97.759 Y103.594 Z0.400 E8.79400 F800
G1 X97.699 Y103.664 Z0.400 E8.79953 F800
G1 X97.689 Y103.684 Z0.400 E8.80087 F800
G1 X97.669 Y103.674 Z0.400 E8.80221 F800
G1 X97.669 Y103.634 Z0.400 E8.80461 F800
G1 X97.539 Y103.864 Z0.400 E8.82046 F800
G1 X97.529 Y103.924 Z0.400 E8.82411 F800
G1 X97.509 Y103.924 Z0.400 E8.82531 F800
G1 X97.489 Y103.954 Z0.400 E8.82748 F800
G1 X97.549 Y103.924 Z0.400 E8.83150 F800
G1 X97.709 Y104.044 Z0.400 E8.84350 F800
G1 X97.289 Y104.164 Z0.400 E8.86971 F800
G1 X97.229 Y104.214 Z0.400 E8.87440 F800
G1 X97.179 Y104.214 Z0.400 E8.87740 F800
G1 X97.169 Y104.214 Z0.400 E8.87800 F800
G1 X97.159 Y104.214 Z0.400 E8.87860 F800
G1 X97.159 Y104.204 Z0.400 E8.87920 F800
G1 X97.149 Y104.204 Z0.400 E8.87980 F800
G1 X97.149 Y104.214 Z0.400 E8.88040 F800
G1 X97.139 Y104.214 Z0.400 E8.88100 F800
G1 X97.129 Y104.214 Z0.400 E8.88160 F800
G1 X97.119 Y104.214 Z0.400 E8.88220 F800
G1 X97.119 Y104.224 Z0.400 E8.88280 F800
G1 X97.119 Y104.234 Z0.400 E8.88340 F800
G1 X97.129 Y104.234 Z0.400 E8.88400 F800
G1 X97.129 Y104.224 Z0.400 E8.88460 F800
G1 X97.139 Y104.224 Z0.400 E8.88520 F800
G1 X97.139 Y104.234 Z0.400 E8.88580 F800
G1 X97.149 Y104.234 Z0.400 E8.88640 F800
G1 X97.149 Y104.224 Z0.400 E8.88700 F800
G1 X97.159 Y104.224 Z0.400 E8.88760 F800
G1 X97.159 Y104.234 Z0.400 E8.88820 F800
G1 X97.169 Y104.234 Z0.400 E8.88880 F800
G1 X97.169 Y104.224 Z0.400 E8.88940 F800
G1 X97.169 Y104.244 Z0.400 E8.89060 F800
G1 X97.159 Y104.244 Z0.400 E8.89120 F800
G1 X97.159 Y104.254 Z0.400 E8.89180 F800
G1 X97.149 Y104.254 Z0.400 E8.89240 F800
G1 X97.139 Y104.254 Z0.400 E8.89300 F800
G1 X97.139 Y104.244 Z0.400 E8.89360 F800
G1 X97.149 Y104.244 Z0.400 E8.89420 F800
G1 X97.149 Y104.264 Z0.400 E8.89540 F800
G1 X97.139 Y104.264 Z0.400 E8.89600 F800
G1 X97.129 Y104.264 Z0.400 E8.89660 F800
G1 X97.119 Y104.264 Z0.400 E8.89720 F800
G1 X97.119 Y104.254 Z0.400 E8.89780 F800
G1 X97.119 Y104.244 Z0.400 E8.89840 F800
G1 X97.129 Y104.244 Z0.400 E8.89900 F800
G1 X97.129 Y104.254 Z0.400 E8.89960 F800
G1 X97.109 Y104.254 Z0.400 E8.90080 F800
G1 X97.099 Y104.254 Z0.400 E8.90140 F800
G1 X97.099 Y104.244 Z0.400 E8.90200 F800
G1 X97.089 Y104.244 Z0.400 E8.90260 F800
G1 X97.099 Y104.234 Z0.400 E8.90344 F800
G1 X97.109 Y104.224 Z0.400 E8.90429 F800
G1 X97.109 Y104.244 Z0.400 E8.90549 F800
G1 X97.109 Y104.264 Z0.400 E8.90669 F800
G1 X97.109 Y104.274 Z0.400 E8.90729 F800
G1 X97.099 Y104.274 Z0.400 E8.90789 F800
G1 X97.099 Y104.284 Z0.400 E8.90849 F800
G1 X97.109 Y104.284 Z0.400 E8.90909 F800
G1 X97.109 Y104.294 Z0.400 E8.90969 F800
G1 X97.099 Y104.294 Z0.400 E8.91029 F800
G1 X97.109 Y104.304 Z0.400 E8.91114 F800
G1 X97.119 Y104.294 Z0.400 E8.91199 F800
G1 X97.129 Y104.294 Z0.400 E8.91259 F800
G1 X97.129 Y104.284 Z0.400 E8.91319 F800
G1 X97.119 Y104.284 Z0.400 E8.91379 F800
G1 X97.119 Y104.274 Z0.400 E8.91439 F800
G1 X97.129 Y104.274 Z0.400 E8.91499 F800
G1 X97.139 Y104.274 Z0.400 E8.91559 F800
G1 X97.149 Y104.274 Z0.400 E8.91619 F800
G1 X97.169 Y104.264 Z0.400 E8.91753 F800
G1 X97.179 Y104.254 Z0.400 E8.91838 F800
G1 X97.189 Y104.274 Z0.400 E8.91972 F800
G1 X97.189 Y104.284 Z0.400 E8.92032 F800
G1 X97.179 Y104.204 Z0.400 E8.92516 F800
G1 X97.169 Y104.194 Z0.400 E8.92601 F800
G1 X97.169 Y104.184 Z0.400 E8.92661 F800
G1 X97.169 Y104.174 Z0.400 E8.92721 F800
G1 X97.149 Y104.184 Z0.400 E8.92855 F800
G1 X97.139 Y104.184 Z0.400 E8.92915 F800
G1 X97.129 Y104.194 Z0.400 E8.93000 F800
G1 X97.129 Y104.204 Z0.400 E8.93060 F800
G1 X97.089 Y104.314 Z0.400 E8.93762 F800
G1 X97.099 Y104.324 Z0.400 E8.93847 F800
G1 X97.109 Y104.324 Z0.400 E8.93907 F800
G1 X97.089 Y104.334 Z0.400 E8.94041 F800
G1 X97.079 Y104.334 Z0.400 E8.94101 F800
G1 X97.069 Y104.334 Z0.400 E8.94161 F800
G1 X97.069 Y104.344 Z0.400 E8.94221 F800
G1 X97.079 Y104.344 Z0.400 E8.94281 F800
G1 X97.089 Y104.344 Z0.400 E8.94341 F800
G1 X97.079 Y104.324 Z0.400 E8.94475 F800
G1 X97.059 Y104.324 Z0.400 E8.94595 F800
G1 X97.089 Y104.374 Z0.400 E8.94945 F800
G1 X97.059 Y104.404 Z0.400 E8.95200 F800
G1 X97.019 Y104.424 Z0.400 E8.95468 F800
G1 X97.019 Y104.434 Z0.400 E8.95528 F800
G1 X97.009 Y104.454 Z0.400 E8.95662 F800
G1 X96.999 Y104.464 Z0.400 E8.95747 F800
G1 X96.989 Y104.464 Z0.400 E8.95807 F800
G1 X96.989 Y104.454 Z0.400 E8.95867 F800
G1 X96.979 Y104.454 Z0.400 E8.95927 F800
G1 X96.989 Y104.444 Z0.400 E8.96012 F800
G1 X96.989 Y104.474 Z0.400 E8.96192 F800
G1 X96.989 Y104.484 Z0.400 E8.96252 F800
G1 X96.979 Y104.484 Z0.400 E8.96312 F800
G1 X96.979 Y104.494 Z0.400 E8.96372 F800
G1 X96.969 Y104.494 Z0.400 E8.96432 F800
G1 X96.959 Y104.494 Z0.400 E8.96492 F800
G1 X96.959 Y104.504 Z0.400 E8.96552 F800
G1 X96.969 Y104.514 Z0.400 E8.96637 F800
G1 X96.979 Y104.514 Z0.400 E8.96697 F800
G1 X96.969 Y104.484 Z0.400 E8.96886 F800
G1 X96.969 Y104.474 Z0.400 E8.96946 F800
G1 X97.019 Y104.464 Z0.400 E8.97252 F800
G1 X97.029 Y104.474 Z0.400 E8.97337 F800
G1 X97.019 Y104.484 Z0.400 E8.97422 F800
G1 X97.029 Y104.674 Z0.400 E8.98564 F800
G1 X96.819 Y104.774 Z0.400 E8.99959 F800
G1 X97.189 Y103.884 Z0.400 E9.05742 F800
G1 X98.519 Y105.164 Z0.400 E9.16818 F800
G1 X99.399 Y104.814 Z0.400 E9.22500 F800
G1 X99.579 Y104.924 Z0.400 E9.23766 F800
G1 X99.619 Y104.994 Z0.400 E9.24249 F800
G1 X99.599 Y105.024 Z0.400 E9.24466 F800
G1 X99.599 Y105.164 Z0.400 E9.25306 F800
G1 X99.629 Y105.314 Z0.400 E9.26223 F800
G1 X99.599 Y105.324 Z0.400 E9.26413 F800
G1 X99.589 Y105.324 Z0.400 E9.26473 F800
G1 X99.659 Y105.434 Z0.400 E9.27255 F800
G1 X99.519 Y105.664 Z0.400 E9.28871 F800
G1 X99.659 Y105.714 Z0.400 E9.29763 F800
G1 X99.699 Y105.914 Z0.400 E9.30987 F800
G1 X99.789 Y105.894 Z0.400 E9.31540 F800
G1 X99.749 Y106.004 Z0.400 E9.32242 F800
G1 X99.769 Y106.034 Z0.400 E9.32459 F800
G1 X99.799 Y106.084 Z0.400 E9.32808 F800
G1 X99.819 Y106.174 Z0.400 E9.33362 F800
G1 X99.839 Y106.234 Z0.400 E9.33741 F800
G1 X99.859 Y106.234 Z0.400 E9.33861 F800
G1 X99.889 Y106.374 Z0.400 E9.34720 F800
G1 X99.889 Y106.524 Z0.400 E9.35620 F800
G1 X99.949 Y106.534 Z0.400 E9.35985 F800
G1 X99.969 Y106.664 Z0.400 E9.36774 F800
G1 X99.989 Y106.804 Z0.400 E9.37623 F800
G1 X99.999 Y106.864 Z0.400 E9.37988 F800
G1 X100.039 Y107.024 Z0.400 E9.38977 F800
G1 X100.119 Y107.124 Z0.400 E9.39746 F800
G1 X100.119 Y107.204 Z0.400 E9.40226 F800
G1 X100.069 Y107.264 Z0.400 E9.40694 F800
G1 X100.189 Y107.434 Z0.400 E9.41943 F800
G1 X100.199 Y107.564 Z0.400 E9.42725 F800
G1 X100.289 Y107.784 Z0.400 E9.44151 F800
G1 X100.059 Y107.954 Z0.400 E9.45867 F800
G1 X99.889 Y107.884 Z0.400 E9.46970 F800
G1 X99.809 Y107.704 Z0.400 E9.48152 F800
G1 X99.649 Y107.504 Z0.400 E9.49689 F800
G1 X99.579 Y107.434 Z0.400 E9.50283 F800
G1 X99.539 Y107.154 Z0.400 E9.51980 F800
G1 X99.589 Y106.754 Z0.400 E9.54399 F800
G1 X99.559 Y106.394 Z0.400 E9.56566 F800
G1 X99.419 Y106.234 Z0.400 E9.57842 F800
G1 X99.539 Y105.954 Z0.400 E9.59670 F800
G1 X99.669 Y106.024 Z0.400 E9.60556 F800
G1 X99.229 Y106.564 Z0.400 E9.64735 F800
G1 X99.109 Y106.924 Z0.400 E9.67012 F800
G1 X98.989 Y107.234 Z0.400 E9.69006 F800
G1 X99.119 Y107.464 Z0.400 E9.70591 F800
G1 X98.909 Y107.654 Z0.400 E9.72291 F800
G1 X98.819 Y107.584 Z0.400 E9.72975 F800
G1 X98.979 Y107.894 Z0.400 E9.75068 F800
G1 X98.749 Y108.034 Z0.400 E9.76683 F800
G1 X99.189 Y108.394 Z0.400 E9.80094 F800
G1 X99.399 Y108.674 Z0.400 E9.82194 F800
G1 X99.819 Y108.594 Z0.400 E9.84760 F800
G1 X99.699 Y108.364 Z0.400 E9.86316 F800
G1 X99.569 Y108.214 Z0.400 E9.87507 F800
G1 X99.379 Y107.834 Z0.400 E9.90056 F800
G1 X99.999 Y108.184 Z0.400 E9.94328 F800
G1 X100.159 Y108.784 Z0.400 E9.98054 F800
G1 X99.909 Y108.964 Z0.400 E9.99902 F800
G1 X100.169 Y109.144 Z0.400 E10.01800 F800
G1 X100.489 Y108.954 Z0.400 E10.04033 F800
G1 X100.359 Y109.724 Z0.400 E10.08718 F800
G1 X99.759 Y109.264 Z0.400 E10.13254 F800
G1 X100.829 Y108.064 Z0.400 E10.22901 F800
G1 X100.909 Y107.834 Z0.400 E10.24362 F800
G1 X101.039 Y107.894 Z0.400 E10.25221 F800
G1 X100.879 Y107.644 Z0.400 E10.27002 F800
G1 X100.769 Y107.704 Z0.400 E10.27754 F800
G1 X100.749 Y107.534 Z0.400 E10.28781 F800
G1 X100.819 Y107.494 Z0.400 E10.29264 F800
G1 X101.029 Y107.394 Z0.400 E10.30660 F800
G1 X100.819 Y107.184 Z0.400 E10.32442 F800
G1 X100.919 Y106.844 Z0.400 E10.34568 F800
G1 X100.929 Y106.484 Z0.400 E10.36729 F800
G1 X101.249 Y106.584 Z0.400 E10.38741 F800
G1 X101.369 Y106.754 Z0.400 E10.39989 F800
G1 X101.409 Y107.034 Z0.400 E10.41686 F800
G1 X101.529 Y107.244 Z0.400 E10.43138 F800
G1 X101.659 Y107.444 Z0.400 E10.44569 F800
G1 X101.819 Y107.514 Z0.400 E10.45617 F800
G1 X101.929 Y107.634 Z0.400 E10.46593 F800
G1 X102.049 Y107.664 Z0.400 E10.47335 F800
G1 X102.179 Y107.834 Z0.400 E10.48620 F800
G1 X101.819 Y107.924 Z0.400 E10.50846 F800
G1 X101.769 Y108.134 Z0.400 E10.52141 F800
G1 X101.939 Y108.324 Z0.400 E10.53671 F800
G1 X102.009 Y108.234 Z0.400 E10.54355 F800
G1 X102.349 Y108.354 Z0.400 E10.56518 F800
G1 X102.199 Y108.564 Z0.400 E10.58067 F800
G1 X102.449 Y108.754 Z0.400 E10.59951 F800
G1 X102.709 Y108.534 Z0.400 E10.61994 F800
G1 X102.159 Y109.014 Z0.400 E10.66374 F800
G1 X101.989 Y108.914 Z0.400 E10.67558 F800
G1 X101.619 Y108.424 Z0.400 E10.71242 F800
G1 X101.359 Y108.334 Z0.400 E10.72893 F800
G1 X101.349 Y107.684 Z0.400 E10.76793 F800
G1 X102.059 Y107.234 Z0.400 E10.81837 F800
G1 X102.129 Y107.254 Z0.400 E10.82273 F800
G1 X102.249 Y107.464 Z0.400 E10.83725 F800
G1 X101.979 Y106.984 Z0.400 E10.87029 F800
G1 X101.939 Y106.934 Z0.400 E10.87413 F800
G1 X101.939 Y106.864 Z0.400 E10.87833 F800
G1 X101.829 Y106.724 Z0.400 E10.88901 F800
G1 X101.769 Y106.734 Z0.400 E10.89266 F800
G1 X101.769 Y106.634 Z0.400 E10.89866 F800
G1 X101.729 Y106.614 Z0.400 E10.90135 F800
G1 X101.779 Y106.544 Z0.400 E10.90651 F800
G1 X101.659 Y106.434 Z0.400 E10.91628 F800
G1 X101.569 Y106.384 Z0.400 E10.92245 F800
G1 X101.589 Y106.354 Z0.400 E10.92462 F800
G1 X101.559 Y106.314 Z0.400 E10.92762 F800
G1 X101.589 Y106.264 Z0.400 E10.93112 F800
G1 X101.519 Y106.164 Z0.400 E10.93844 F800
G1 X101.459 Y106.114 Z0.400 E10.94313 F800
G1 X101.459 Y106.064 Z0.400 E10.94613 F800
G1 X101.429 Y106.064 Z0.400 E10.94793 F800
G1 X101.429 Y106.074 Z0.400 E10.94853 F800
G1 X101.419 Y106.064 Z0.400 E10.94937 F800
G1 X101.419 Y106.054 Z0.400 E10.94997 F800
G1 X101.429 Y106.054 Z0.400 E10.95057 F800
G1 X101.429 Y106.034 Z0.400 E10.95177 F800
G1 X101.439 Y106.034 Z0.400 E10.95237 F800
G1 X101.409 Y106.034 Z0.400 E10.95417 F800
G1 X101.399 Y106.034 Z0.400 E10.95477 F800
G1 X101.399 Y106.084 Z0.400 E10.95777 F800
G1 X101.359 Y105.984 Z0.400 E10.96424 F800
G1 X101.309 Y105.894 Z0.400 E10.97041 F800
G1 X101.289 Y105.884 Z0.400 E10.97176 F800
G1 X101.269 Y105.884 Z0.400 E10.97296 F800
G1 X101.269 Y105.924 Z0.400 E10.97536 F800
G1 X101.309 Y105.854 Z0.400 E10.98019 F800
G1 X101.329 Y105.824 Z0.400 E10.98236 F800
G1 X101.309 Y105.794 Z0.400 E10.98452 F800
G1 X101.289 Y105.814 Z0.400 E10.98622 F800
G1 X101.289 Y105.724 Z0.400 E10.99162 F800
G1 X101.239 Y105.734 Z0.400 E10.99468 F800
G1 X101.089 Y105.794 Z0.400 E11.00437 F800
G1 X101.129 Y105.594 Z0.400 E11.01661 F800
G1 X101.069 Y105.514 Z0.400 E11.02261 F800
G1 X101.139 Y105.444 Z0.400 E11.02855 F800
G1 X100.979 Y105.264 Z0.400 E11.04300 F800
G1 X100.959 Y105.244 Z0.400 E11.04469 F800
G1 X100.959 Y105.214 Z0.400 E11.04649 F800
G1 X100.959 Y105.194 Z0.400 E11.04769 F800
G1 X100.979 Y105.194 Z0.400 E11.04889 F800
G1 X100.979 Y105.204 Z0.400 E11.04949 F800
G1 X100.989 Y105.214 Z0.400 E11.05034 F800
G1 X100.969 Y105.174 Z0.400 E11.05303 F800
G1 X100.969 Y105.164 Z0.400 E11.05363 F800
G1 X100.959 Y105.174 Z0.400 E11.05447 F800
G1 X100.939 Y105.174 Z0.400 E11.05567 F800
G1 X100.929 Y105.174 Z0.400 E11.05627 F800
G1 X100.939 Y105.184 Z0.400 E11.05712 F800
G1 X100.929 Y105.224 Z0.400 E11.05960 F800
G1 X100.909 Y105.244 Z0.400 E11.06129 F800
G1 X100.979 Y105.154 Z0.400 E11.06813 F800
G1 X100.919 Y105.114 Z0.400 E11.07246 F800
G1 X100.919 Y105.104 Z0.400 E11.07306 F800
G1 X100.909 Y105.044 Z0.400 E11.07671 F800
G1 X100.909 Y105.024 Z0.400 E11.07791 F800
G1 X100.919 Y105.024 Z0.400 E11.07851 F800
G1 X100.919 Y105.014 Z0.400 E11.07911 F800
G1 X100.929 Y105.004 Z0.400 E11.07996 F800
G1 X100.939 Y105.024 Z0.400 E11.08130 F800
G1 X100.939 Y104.974 Z0.400 E11.08430 F800
G1 X100.929 Y104.964 Z0.400 E11.08515 F800
G1 X100.919 Y104.964 Z0.400 E11.08575 F800
G1 X100.919 Y104.954 Z0.400 E11.08635 F800
G1 X100.909 Y104.954 Z0.400 E11.08695 F800
G1 X100.909 Y104.964 Z0.400 E11.08755 F800
G1 X100.909 Y104.974 Z0.400 E11.08815 F800
G1 X100.919 Y104.974 Z0.400 E11.08875 F800
G1 X100.899 Y104.974 Z0.400 E11.08995 F800
G1 X100.899 Y104.984 Z0.400 E11.09055 F800
G1 X100.899 Y104.954 Z0.400 E11.09235 F800
G1 X100.899 Y104.944 Z0.400 E11.09295 F800
G1 X100.909 Y104.944 Z0.400 E11.09355 F800
G1 X100.909 Y104.934 Z0.400 E11.09415 F800
G1 X100.909 Y104.924 Z0.400 E11.09475 F800
G1 X100.909 Y104.914 Z0.400 E11.09535 F800
G1 X100.909 Y104.904 Z0.400 E11.09595 F800
G1 X100.919 Y104.914 Z0.400 E11.09680 F800
G1 X100.919 Y104.934 Z0.400 E11.09800 F800
G1 X100.929 Y104.944 Z0.400 E11.09885 F800
G1 X100.939 Y104.934 Z0.400 E11.09969 F800
G1 X100.939 Y104.924 Z0.400 E11.10029 F800
G1 X100.939 Y104.954 Z0.400 E11.10209 F800
G1 X100.899 Y104.924 Z0.400 E11.10509 F800
G1 X100.899 Y104.914 Z0.400 E11.10569 F800
G1 X100.889 Y104.924 Z0.400 E11.10654 F800
G1 X100.879 Y104.914 Z0.400 E11.10739 F800
G1 X100.879 Y104.874 Z0.400 E11.10979 F800
G1 X100.919 Y104.884 Z0.400 E11.11227 F800
G1 X100.789 Y104.784 Z0.400 E11.12211 F800
G1 X101.039 Y105.014 Z0.400 E11.14249 F800
G1 X101.149 Y104.614 Z0.400 E11.16738 F800
G1 X101.099 Y104.414 Z0.400 E11.17975 F800
G1 X101.099 Y104.394 Z0.400 E11.18095 F800
G1 X100.949 Y104.324 Z0.400 E11.19088 F800
G1 X101.019 Y104.084 Z0.400 E11.20588 F800
G1 X101.019 Y104.054 Z0.400 E11.20768 F800
G1 X100.969 Y103.804 Z0.400 E11.22298 F800
G1 X100.929 Y103.804 Z0.400 E11.22538 F800
G1 X100.869 Y103.724 Z0.400 E11.23138 F800
G1 X100.819 Y103.444 Z0.400 E11.24844 F800
G1 X100.749 Y103.174 Z0.400 E11.26518 F800
G1 X100.729 Y103.124 Z0.400 E11.26841 F800
G1 X100.629 Y102.794 Z0.400 E11.28910 F800
G1 X100.619 Y102.494 Z0.400 E11.30711 F800
G1 X100.509 Y102.244 Z0.400 E11.32350 F800
G1 X100.529 Y102.224 Z0.400 E11.32519 F800
G1 X100.399 Y101.874 Z0.400 E11.34760 F800
G1 X100.349 Y101.604 Z0.400 E11.36407 F800
G1 X99.889 Y101.664 Z0.400 E11.39191 F800
G1 X99.849 Y101.984 Z0.400 E11.41125 F800
G1 X99.899 Y102.284 Z0.400 E11.42950 F800
G1 X99.849 Y102.614 Z0.400 E11.44953 F800
G1 X99.869 Y102.904 Z0.400 E11.46697 F800
G1 X99.909 Y103.274 Z0.400 E11.48930 F800
G1 X99.869 Y103.524 Z0.400 E11.50449 F800
G1 X99.859 Y103.574 Z0.400 E11.50755 F800
G1 X99.849 Y103.904 Z0.400 E11.52736 F800
G1 X99.879 Y103.904 Z0.400 E11.52916 F800
G1 X99.849 Y104.204 Z0.400 E11.54725 F800
G1 X99.839 Y104.224 Z0.400 E11.54859 F800
G1 X99.879 Y104.234 Z0.400 E11.55106 F800
G1 X99.889 Y104.234 Z0.400 E11.55166 F800
G1 X99.979 Y104.524 Z0.400 E11.56988 F800
G1 X99.909 Y104.584 Z0.400 E11.57541 F800
G1 X99.889 Y104.564 Z0.400 E11.57711 F800
G1 X99.869 Y104.554 Z0.400 E11.57845 F800
G1 X99.879 Y104.594 Z0.400 E11.58093 F800
G1 X99.879 Y104.654 Z0.400 E11.58453 F800
G1 X99.649 Y104.554 Z0.400 E11.59958 F800
G1 X100.129 Y104.584 Z0.400 E11.62843 F800
G1 X99.749 Y105.044 Z0.400 E11.66423 F800
G1 X101.009 Y106.024 Z0.400 E11.76001 F800
G1 X101.209 Y106.234 Z0.400 E11.77741 F800
G1 X102.549 Y106.054 Z0.400 E11.85853 F800
G1 X102.669 Y106.404 Z0.400 E11.88073 F800
G1 X102.659 Y106.724 Z0.400 E11.89994 F800
G1 X102.899 Y106.944 Z0.400 E11.91947 F800
G1 X102.809 Y107.204 Z0.400 E11.93598 F800
G1 X102.969 Y107.364 Z0.400 E11.94956 F800
G1 X102.819 Y107.574 Z0.400 E11.96504 F800
G1 X102.639 Y107.054 Z0.400 E11.99806 F800
G1 X103.269 Y107.114 Z0.400 E12.03603 F800
G1 X103.629 Y107.374 Z0.400 E12.06267 F800
G1 X103.869 Y107.394 Z0.400 E12.07712 F800
G1 X104.029 Y107.614 Z0.400 E12.09344 F800
G1 X104.189 Y107.934 Z0.400 E12.11491 F800
G1 X104.359 Y108.194 Z0.400 E12.13355 F800
G1 X104.549 Y107.774 Z0.400 E12.16121 F800
G1 X104.769 Y107.554 Z0.400 E12.17988 F800
G1 X104.409 Y107.404 Z0.400 E12.20327 F800
G1 X104.089 Y107.054 Z0.400 E12.23173 F800
G1 X103.879 Y106.864 Z0.400 E12.24872 F800
G1 X103.649 Y106.774 Z0.400 E12.26354 F800
G1 X103.439 Y106.694 Z0.400 E12.27702 F800
G1 X103.339 Y106.614 Z0.400 E12.28471 F800
G1 X103.129 Y106.414 Z0.400 E12.30211 F800
G1 X103.049 Y106.194 Z0.400 E12.31615 F800
G1 X102.969 Y106.014 Z0.400 E12.32797 F800
G1 X103.229 Y105.794 Z0.400 E12.34841 F800
G1 X103.229 Y105.744 Z0.400 E12.35141 F800
G1 X103.139 Y105.714 Z0.400 E12.35710 F800
G1 X103.159 Y105.584 Z0.400 E12.36499 F800
G1 X102.999 Y105.564 Z0.400 E12.37466 F800
G1 X102.959 Y105.494 Z0.400 E12.37950 F800
G1 X102.939 Y105.504 Z0.400 E12.38084 F800
G1 X102.929 Y105.494 Z0.400 E12.38169 F800
G1 X102.919 Y105.494 Z0.400 E12.38229 F800
G1 X102.929 Y105.474 Z0.400 E12.38363 F800
G1 X102.929 Y105.464 Z0.400 E12.38423 F800
G1 X102.939 Y105.454 Z0.400 E12.38508 F800
G1 X102.909 Y105.464 Z0.400 E12.38698 F800
G1 X102.799 Y105.354 Z0.400 E12.39631 F800
G1 X102.799 Y105.344 Z0.400 E12.39691 F800
G1 X102.789 Y105.364 Z0.400 E12.39826 F800
G1 X102.769 Y105.374 Z0.400 E12.39960 F800
G1 X102.759 Y105.334 Z0.400 E12.40207 F800
G1 X102.759 Y105.324 Z0.400 E12.40267 F800
G1 X102.769 Y105.324 Z0.400 E12.40327 F800
G1 X102.759 Y105.314 Z0.400 E12.40412 F800
G1 X102.749 Y105.304 Z0.400 E12.40497 F800
G1 X102.739 Y105.294 Z0.400 E12.40582 F800
G1 X102.789 Y105.284 Z0.400 E12.40888 F800
G1 X102.819 Y105.314 Z0.400 E12.41142 F800
G1 X102.659 Y105.244 Z0.400 E12.42190 F800
G1 X102.699 Y105.164 Z0.400 E12.42727 F800
G1 X102.519 Y105.134 Z0.400 E12.43822 F800
G1 X102.439 Y105.074 Z0.400 E12.44422 F800
G1 X102.419 Y104.874 Z0.400 E12.45628 F800
G1 X102.289 Y104.814 Z0.400 E12.46487 F800
G1 X102.279 Y104.794 Z0.400 E12.46621 F800
G1 X102.279 Y104.784 Z0.400 E12.46681 F800
G1 X102.269 Y104.784 Z0.400 E12.46741 F800
G1 X102.269 Y104.774 Z0.400 E12.46801 F800
G1 X102.269 Y104.764 Z0.400 E12.46861 F800
G1 X102.269 Y104.754 Z0.400 E12.46921 F800
G1 X102.259 Y104.754 Z0.400 E12.46981 F800
G1 X102.259 Y104.764 Z0.400 E12.47041 F800
G1 X102.249 Y104.764 Z0.400 E12.47101 F800
G1 X102.249 Y104.754 Z0.400 E12.47161 F800
G1 X102.249 Y104.774 Z0.400 E12.47281 F800
G1 X102.279 Y104.774 Z0.400 E12.47461 F800
G1 X102.279 Y104.754 Z0.400 E12.47581 F800
G1 X102.289 Y104.744 Z0.400 E12.47666 F800
G1 X102.239 Y104.734 Z0.400 E12.47972 F800
G1 X102.229 Y104.744 Z0.400 E12.48056 F800
G1 X102.249 Y104.704 Z0.400 E12.48325 F800
G1 X102.259 Y104.804 Z0.400 E12.48928 F800
G1 X102.299 Y104.794 Z0.400 E12.49175 F800
G1 X102.189 Y104.614 Z0.400 E12.50441 F800
G1 X102.159 Y104.574 Z0.400 E12.50741 F800
G1 X102.169 Y104.564 Z0.400 E12.50826 F800
G1 X102.169 Y104.554 Z0.400 E12.50886 F800
G1 X102.149 Y104.554 Z0.400 E12.51006 F800
G1 X102.129 Y104.554 Z0.400 E12.51126 F800
G1 X102.139 Y104.524 Z0.400 E12.51315 F800
G1 X102.149 Y104.524 Z0.400 E12.51375 F800
G1 X102.159 Y104.524 Z0.400 E12.51435 F800
G1 X102.159 Y104.514 Z0.400 E12.51495 F800
G1 X102.149 Y104.514 Z0.400 E12.51555 F800
G1 X102.149 Y104.504 Z0.400 E12.51615 F800
G1 X102.139 Y104.504 Z0.400 E12.51675 F800
G1 X102.129 Y104.504 Z0.400 E12.51735 F800
G1 X102.129 Y104.514 Z0.400 E12.51795 F800
G1 X102.129 Y104.494 Z0.400 E12.51915 F800
G1 X102.129 Y104.484 Z0.400 E12.51975 F800
G1 X102.119 Y104.484 Z0.400 E12.52035 F800
G1 X102.119 Y104.494 Z0.400 E12.52095 F800
G1 X102.109 Y104.484 Z0.400 E12.52180 F800
G1 X102.119 Y104.474 Z0.400 E12.52265 F800
G1 X102.129 Y104.474 Z0.400 E12.52325 F800
G1 X102.139 Y104.484 Z0.400 E12.52410 F800
G1 X102.139 Y104.494 Z0.400 E12.52470 F800
G1 X102.149 Y104.494 Z0.400 E12.52530 F800
G1 X102.149 Y104.484 Z0.400 E12.52590 F800
G1 X102.149 Y104.454 Z0.400 E12.52770 F800
G1 X102.139 Y104.434 Z0.400 E12.52904 F800
G1 X102.119 Y104.454 Z0.400 E12.53074 F800
G1 X102.109 Y104.504 Z0.400 E12.53380 F800
G1 X102.139 Y104.604 Z0.400 E12.54006 F800
G1 X102.339 Y104.584 Z0.400 E12.55212 F800
G1 X102.009 Y104.264 Z0.400 E12.57970 F800
G1 X101.879 Y104.514 Z0.400 E12.59661 F800
G1 X101.329 Y104.354 Z0.400 E12.63098 F800
G1 X102.219 Y103.954 Z0.400 E12.68952 F800
G1 X102.399 Y103.854 Z0.400 E12.70188 F800
G1 X102.059 Y103.624 Z0.400 E12.72651 F800
G1 X101.949 Y103.424 Z0.400 E12.74020 F800
G1 X101.919 Y103.414 Z0.400 E12.74210 F800
G1 X101.909 Y103.374 Z0.400 E12.74457 F800
G1 X101.939 Y103.344 Z0.400 E12.74712 F800
G1 X101.749 Y103.104 Z0.400 E12.76548 F800
G1 X101.759 Y103.064 Z0.400 E12.76796 F800
G1 X101.589 Y102.794 Z0.400 E12.78710 F800
G1 X101.569 Y102.794 Z0.400 E12.78830 F800
G1 X101.559 Y102.814 Z0.400 E12.78964 F800
G1 X101.479 Y102.554 Z0.400 E12.80597 F800
G1 X101.419 Y102.524 Z0.400 E12.80999 F800
G1 X101.389 Y102.514 Z0.400 E12.81189 F800
G1 X101.399 Y102.554 Z0.400 E12.81436 F800
G1 X101.359 Y102.454 Z0.400 E12.82082 F800
G1 X101.269 Y102.254 Z0.400 E12.83398 F800
G1 X101.269 Y102.234 Z0.400 E12.83518 F800
G1 X101.279 Y102.224 Z0.400 E12.83603 F800
G1 X101.209 Y102.174 Z0.400 E12.84119 F800
G1 X101.099 Y101.944 Z0.400 E12.85649 F800
G1 X100.909 Y101.634 Z0.400 E12.87831 F800
G1 X100.799 Y101.424 Z0.400 E12.89253 F800
G1 X100.739 Y101.344 Z0.400 E12.89853 F800
G1 X101.099 Y101.104 Z0.400 E12.92449 F800
G1 X101.319 Y101.334 Z0.400 E12.94359 F800
G1 X101.529 Y101.504 Z0.400 E12.95980 F800
G1 X101.639 Y101.564 Z0.400 E12.96732 F800
G1 X101.809 Y101.814 Z0.400 E12.98545 F800
G1 X101.989 Y102.014 Z0.400 E13.00160 F800
G1 X102.019 Y102.014 Z0.400 E13.00340 F800
G1 X102.269 Y102.224 Z0.400 E13.02299 F800
G1 X102.509 Y102.444 Z0.400 E13.04252 F800
G1 X102.729 Y102.694 Z0.400 E13.06250 F800
G1 X102.719 Y102.724 Z0.400 E13.06440 F800
G1 X102.979 Y102.934 Z0.400 E13.08445 F800
G1 X102.979 Y102.974 Z0.400 E13.08685 F800
G1 X103.139 Y103.224 Z0.400 E13.10466 F800
G1 X103.299 Y103.204 Z0.400 E13.11434 F800
G1 X103.429 Y103.064 Z0.400 E13.12580 F800
G1 X103.849 Y102.714 Z0.400 E13.15860 F800
G1 X104.059 Y102.684 Z0.400 E13.17133 F800
G1 X104.119 Y102.904 Z0.400 E13.18501 F800
G1 X104.349 Y102.864 Z0.400 E13.19902 F800
G1 X104.369 Y102.994 Z0.400 E13.20691 F800
G1 X104.639 Y103.174 Z0.400 E13.22638 F800
G1 X104.829 Y103.244 Z0.400 E13.23853 F800
G1 X104.949 Y103.224 Z0.400 E13.24583 F800
G1 X105.069 Y103.334 Z0.400 E13.25560 F800
G1 X105.199 Y103.264 Z0.400 E13.26446 F800
G1 X105.299 Y103.314 Z0.400 E13.27117 F800
G1 X105.479 Y103.414 Z0.400 E13.28352 F800
G1 X105.649 Y103.454 Z0.400 E13.29400 F800
G1 X105.619 Y103.304 Z0.400 E13.30318 F800
G1 X105.859 Y103.434 Z0.400 E13.31955 F800
G1 X105.929 Y103.464 Z0.400 E13.32412 F800
G1 X105.999 Y103.534 Z0.400 E13.33006 F800
G1 X106.209 Y103.594 Z0.400 E13.34317 F800
G1 X106.199 Y103.634 Z0.400 E13.34564 F800
G1 X106.259 Y103.644 Z0.400 E13.34929 F800
G1 X106.369 Y103.694 Z0.400 E13.35654 F800
G1 X106.579 Y103.684 Z0.400 E13.36916 F800
G1 X106.649 Y103.684 Z0.400 E13.37336 F800
G1 X106.869 Y103.724 Z0.400 E13.38677 F800
G1 X106.709 Y104.104 Z0.400 E13.41151 F800
G1 X106.489 Y104.074 Z0.400 E13.42483 F800
G1 X106.199 Y104.154 Z0.400 E13.44288 F800
G1 X105.899 Y104.004 Z0.400 E13.46301 F800
G1 X105.599 Y103.794 Z0.400 E13.48498 F800
G1 X105.279 Y103.574 Z0.400 E13.50828 F800
G1 X105.009 Y103.664 Z0.400 E13.52536 F800
G1 X104.919 Y103.474 Z0.400 E13.53797 F800
G1 X105.239 Y104.014 Z0.400 E13.57563 F800
G1 X105.429 Y104.254 Z0.400 E13.59400 F800
G1 X105.629 Y104.574 Z0.400 E13.61664 F800
G1 X105.919 Y104.594 Z0.400 E13.63408 F800
G1 X105.879 Y104.854 Z0.400 E13.64986 F800
G1 X106.099 Y104.964 Z0.400 E13.66462 F800
G1 X106.359 Y104.524 Z0.400 E13.69529 F800
G1 X106.689 Y104.554 Z0.400 E13.71517 F800
G1 X106.889 Y104.584 Z0.400 E13.72730 F800
G1 X107.049 Y104.674 Z0.400 E13.73832 F800
G1 X107.179 Y104.524 Z0.400 E13.75023 F800
G1 X107.439 Y104.764 Z0.400 E13.77146 F800
G1 X107.799 Y104.934 Z0.400 E13.79534 F800
G1 X107.859 Y104.564 Z0.400 E13.81783 F800
G1 X107.949 Y104.274 Z0.400 E13.83605 F800
G1 X107.519 Y104.304 Z0.400 E13.86192 F800
G1 X107.059 Y104.104 Z0.400 E13.89201 F800
G1 X107.089 Y104.964 Z0.400 E13.94364 F800
G1 X106.609 Y105.114 Z0.400 E13.97382 F800
G1 X105.669 Y105.324 Z0.400 E14.03161 F800
G1 X105.449 Y105.254 Z0.400 E14.04546 F800
G1 X105.369 Y105.234 Z0.400 E14.05041 F800
G1 X105.219 Y105.104 Z0.400 E14.06232 F800
G1 X105.119 Y105.024 Z0.400 E14.07000 F800
G1 X105.059 Y105.034 Z0.400 E14.07365 F800
G1 X104.929 Y104.974 Z0.400 E14.08224 F800
G1 X104.859 Y104.954 Z0.400 E14.08661 F800
G1 X104.859 Y104.934 Z0.400 E14.08781 F800
G1 X104.799 Y104.854 Z0.400 E14.09381 F800
G1 X104.759 Y104.894 Z0.400 E14.09720 F800
G1 X104.689 Y104.804 Z0.400 E14.10404 F800
G1 X104.589 Y104.804 Z0.400 E14.11004 F800
G1 X104.579 Y104.744 Z0.400 E14.11369 F800
G1 X104.599 Y104.734 Z0.400 E14.11503 F800
G1 X104.549 Y104.694 Z0.400 E14.11888 F800
G1 X104.539 Y104.764 Z0.400 E14.12312 F800
G1 X104.479 Y104.674 Z0.400 E14.12961 F800
G1 X104.499 Y104.634 Z0.400 E14.13229 F800
G1 X104.339 Y104.604 Z0.400 E14.14206 F800
G1 X104.309 Y104.584 Z0.400 E14.14422 F800
G1 X104.279 Y104.564 Z0.400 E14.14639 F800
G1 X104.279 Y104.554 Z0.400 E14.14699 F800
G1 X104.269 Y104.574 Z0.400 E14.14833 F800
G1 X104.249 Y104.564 Z0.400 E14.14967 F800
G1 X104.239 Y104.564 Z0.400 E14.15027 F800
G1 X104.229 Y104.564 Z0.400 E14.15087 F800
G1 X104.219 Y104.564 Z0.400 E14.15147 F800
G1 X104.209 Y104.554 Z0.400 E14.15232 F800
G1 X104.229 Y104.534 Z0.400 E14.15402 F800
G1 X104.219 Y104.524 Z0.400 E14.15486 F800
G1 X104.239 Y104.544 Z0.400 E14.15656 F800
G1 X104.239 Y104.554 Z0.400 E14.15716 F800
G1 X104.259 Y104.594 Z0.400 E14.15984 F800
G1 X104.189 Y104.524 Z0.400 E14.16578 F800
G1 X104.209 Y104.494 Z0.400 E14.16795 F800
G1 X104.199 Y104.464 Z0.400 E14.16984 F800
G1 X104.149 Y104.464 Z0.400 E14.17284 F800
G1 X104.079 Y104.504 Z0.400 E14.17768 F800
G1 X104.049 Y104.454 Z0.400 E14.18118 F800
G1 X104.039 Y104.434 Z0.400 E14.18252 F800
G1 X104.029 Y104.434 Z0.400 E14.18312 F800
G1 X104.029 Y104.424 Z0.400 E14.18372 F800
G1 X104.019 Y104.424 Z0.400 E14.18432 F800
G1 X104.039 Y104.404 Z0.400 E14.18602 F800
G1 X104.089 Y104.404 Z0.400 E14.18902 F800
G1 X103.989 Y104.524 Z0.400 E14.19839 F800
G1 X103.899 Y104.374 Z0.400 E14.20889 F800
G1 X103.939 Y104.344 Z0.400 E14.21189 F800
G1 X103.839 Y104.314 Z0.400 E14.21815 F800
G1 X103.719 Y104.254 Z0.400 E14.22620 F800
G1 X103.619 Y104.324 Z0.400 E14.23352 F800
G1 X103.579 Y104.104 Z0.400 E14.24694 F800
G1 X103.429 Y104.054 Z0.400 E14.25643 F800
G1 X103.419 Y104.054 Z0.400 E14.25703 F800
G1 X103.419 Y104.034 Z0.400 E14.25823 F800
G1 X103.419 Y104.024 Z0.400 E14.25883 F800
G1 X103.409 Y104.024 Z0.400 E14.25943 F800
G1 X103.409 Y104.014 Z0.400 E14.26003 F800
G1 X103.419 Y104.014 Z0.400 E14.26063 F800
G1 X103.429 Y104.014 Z0.400 E14.26123 F800
G1 X103.429 Y104.004 Z0.400 E14.26183 F800
G1 X103.419 Y104.004 Z0.400 E14.26243 F800
G1 X103.409 Y104.004 Z0.400 E14.26303 F800
G1 X103.409 Y103.994 Z0.400 E14.26363 F800
G1 X103.419 Y103.994 Z0.400 E14.26423 F800
G1 X103.399 Y104.004 Z0.400 E14.26557 F800
G1 X103.399 Y104.014 Z0.400 E14.26617 F800
G1 X103.389 Y104.014 Z0.400 E14.26677 F800
G1 X103.399 Y104.024 Z0.400 E14.26762 F800
G1 X103.379 Y104.004 Z0.400 E14.26932 F800
G1 X103.379 Y103.994 Z0.400 E14.26992 F800
G1 X103.389 Y103.984 Z0.400 E14.27076 F800
G1 X103.399 Y103.974 Z0.400 E14.27161 F800
G1 X103.409 Y103.974 Z0.400 E14.27221 F800
G1 X103.379 Y103.954 Z0.400 E14.27438 F800
G1 X103.439 Y104.024 Z0.400 E14.27991 F800
G1 X103.429 Y104.034 Z0.400 E14.28076 F800
G1 X103.299 Y103.884 Z0.400 E14.29267 F800
G1 X103.279 Y103.864 Z0.400 E14.29436 F800
G1 X103.259 Y103.864 Z0.400 E14.29556 F800
G1 X103.259 Y103.824 Z0.400 E14.29796 F800
G1 X103.259 Y103.804 Z0.400 E14.29916 F800
G1 X103.239 Y103.804 Z0.400 E14.30036 F800
G1 X103.239 Y103.814 Z0.400 E14.30096 F800
G1 X103.229 Y103.814 Z0.400 E14.30156 F800
G1 X103.219 Y103.804 Z0.400 E14.30241 F800
G1 X103.209 Y103.794 Z0.400 E14.30326 F800
G1 X103.239 Y103.784 Z0.400 E14.30516 F800
G1 X103.259 Y103.774 Z0.400 E14.30650 F800
G1 X103.179 Y103.804 Z0.400 E14.31163 F800
G1 X103.319 Y103.844 Z0.400 E14.32036 F800
G1 X103.389 Y103.824 Z0.400 E14.32473 F800
G1 X103.189 Y103.954 Z0.400 E14.33904 F800
G1 X103.179 Y103.654 Z0.400 E14.35705 F800
G1 X102.919 Y103.734 Z0.400 E14.37337 F800
G1 X103.789 Y104.544 Z0.400 E14.44470 F800
G1 X103.909 Y104.784 Z0.400 E14.46079 F800
G1 X104.119 Y104.824 Z0.400 E14.47362 F800
G1 X104.369 Y105.044 Z0.400 E14.49360 F800
G1 X104.509 Y105.124 Z0.400 E14.50328 F800
G1 X104.689 Y105.374 Z0.400 E14.52176 F800
G1 X104.929 Y105.514 Z0.400 E14.53843 F800
G1 X105.149 Y105.634 Z0.400 E14.55347 F800
G1 X105.309 Y105.614 Z0.400 E14.56314 F800
G1 X105.549 Y105.624 Z0.400 E14.57755 F800
G1 X105.829 Y105.744 Z0.400 E14.59583 F800
G1 X106.119 Y105.944 Z0.400 E14.61697 F800
G1 X105.859 Y106.214 Z0.400 E14.63946 F800
G1 X105.729 Y106.354 Z0.400 E14.65092 F800
G1 X105.519 Y106.194 Z0.400 E14.66676 F800
G1 X105.369 Y106.044 Z0.400 E14.67949 F800
G1 X105.259 Y106.444 Z0.400 E14.70438 F800
G1 X105.089 Y106.694 Z0.400 E14.72252 F800
G1 X104.739 Y106.304 Z0.400 E14.75396 F800
G1 X104.649 Y106.384 Z0.400 E14.76119 F800
G1 X104.539 Y106.234 Z0.400 E14.77235 F800
G1 X104.529 Y106.134 Z0.400 E14.77838 F800
G1 X104.379 Y106.144 Z0.400 E14.78740 F800
G1 X104.519 Y105.854 Z0.400 E14.80672 F800
G1 X104.249 Y105.824 Z0.400 E14.82302 F800
G1 X104.179 Y105.524 Z0.400 E14.84150 F800
G1 X104.049 Y105.174 Z0.400 E14.86390 F800
G1 X104.829 Y104.784 Z0.400 E14.91623 F800
G1 X104.929 Y106.014 Z0.400 E14.99027 F800
G1 X105.639 Y106.624 Z0.400 E15.04643 F800
G1 X106.089 Y106.554 Z0.400 E15.07376 F800
G1 X106.279 Y106.284 Z0.400 E15.09357 F800
G1 X106.519 Y106.494 Z0.400 E15.11270 F800
G1 X106.339 Y106.784 Z0.400 E15.13318 F800
G1 X107.039 Y106.724 Z0.400 E15.17534 F800
G1 X106.569 Y106.104 Z0.400 E15.22202 F800
G1 X108.449 Y104.904 Z0.400 E15.35584 F800
G1 X108.589 Y104.644 Z0.400 E15.37355 F800
G1 X107.729 Y103.274 Z0.400 E15.47061 F800
G1 X108.059 Y103.004 Z0.400 E15.49619 F800
G1 X107.919 Y102.764 Z0.400 E15.51286 F800
G1 X107.819 Y102.674 Z0.400 E15.52093 F800
G1 X108.199 Y102.534 Z0.400 E15.54523 F800
G1 X108.459 Y102.744 Z0.400 E15.56529 F800
G1 X108.659 Y102.494 Z0.400 E15.58449 F800
G1 X108.449 Y102.284 Z0.400 E15.60231 F800
G1 X108.799 Y102.064 Z0.400 E15.62712 F800
G1 X109.469 Y102.414 Z0.400 E15.67247 F800
G1 X108.869 Y102.824 Z0.400 E15.71607 F800
G1 X107.919 Y102.184 Z0.400 E15.78480 F800
G1 X107.599 Y102.254 Z0.400 E15.80446 F800
G1 X107.369 Y102.304 Z0.400 E15.81858 F800
G1 X107.059 Y102.384 Z0.400 E15.83779 F800
G1 X106.759 Y102.394 Z0.400 E15.85580 F800
G1 X106.389 Y102.244 Z0.400 E15.87975 F800
G1 X106.139 Y102.454 Z0.400 E15.89934 F800
G1 X106.379 Y102.724 Z0.400 E15.92102 F800
G1 X106.609 Y102.974 Z0.400 E15.94140 F800
G1 X106.919 Y102.964 Z0.400 E15.96001 F800
G1 X106.899 Y103.204 Z0.400 E15.97446 F800
G1 X107.289 Y103.154 Z0.400 E15.99805 F800
G1 X107.349 Y102.764 Z0.400 E16.02173 F800
G1 X107.309 Y101.924 Z0.400 E16.07218 F800
G1 X107.619 Y101.894 Z0.400 E16.09087 F800
G1 X107.799 Y101.364 Z0.400 E16.12446 F800
G1 X107.909 Y101.234 Z0.400 E16.13467 F800
G1 X107.529 Y101.314 Z0.400 E16.15797 F800
G1 X107.469 Y101.054 Z0.400 E16.17398 F800
G1 X107.219 Y101.214 Z0.400 E16.19179 F800
G1 X106.899 Y101.014 Z0.400 E16.21443 F800
G1 X106.539 Y100.834 Z0.400 E16.23858 F800
G1 X106.389 Y100.534 Z0.400 E16.25871 F800
G1 X106.209 Y100.684 Z0.400 E16.27277 F800
G1 X106.019 Y100.534 Z0.400 E16.28729 F800
G1 X106.039 Y100.374 Z0.400 E16.29696 F800
G1 X106.009 Y100.354 Z0.400 E16.29913 F800
G1 X106.109 Y100.324 Z0.400 E16.30539 F800
G1 X106.299 Y100.284 Z0.400 E16.31704 F800
G1 X106.349 Y100.244 Z0.400 E16.32088 F800
G1 X106.459 Y100.234 Z0.400 E16.32751 F800
G1 X106.529 Y100.194 Z0.400 E16.33235 F800
G1 X106.649 Y100.184 Z0.400 E16.33957 F800
G1 X106.829 Y100.074 Z0.400 E16.35223 F800
G1 X106.939 Y100.124 Z0.400 E16.35948 F800
G1 X107.099 Y100.094 Z0.400 E16.36925 F800
G1 X107.289 Y100.084 Z0.400 E16.38066 F800
G1 X107.359 Y100.024 Z0.400 E16.38620 F800
G1 X107.599 Y99.994 Z0.400 E16.40071 F800
G1 X107.859 Y99.874 Z0.400 E16.41789 F800
G1 X107.999 Y100.184 Z0.400 E16.43830 F800
G1 X107.809 Y100.294 Z0.400 E16.45147 F800
G1 X107.669 Y100.454 Z0.400 E16.46423 F800
G1 X107.559 Y100.554 Z0.400 E16.47315 F800
G1 X107.409 Y100.544 Z0.400 E16.48217 F800
G1 X107.209 Y100.564 Z0.400 E16.49423 F800
G1 X106.869 Y100.574 Z0.400 E16.51463 F800
G1 X106.759 Y100.554 Z0.400 E16.52134 F800
G1 X105.839 Y100.354 Z0.400 E16.57783 F800
G1 X105.749 Y100.474 Z0.400 E16.58683 F800
G1 X105.649 Y100.444 Z0.400 E16.59310 F800
G1 X105.379 Y100.414 Z0.400 E16.60940 F800
G1 X105.309 Y100.454 Z0.400 E16.61423 F800
G1 X105.099 Y100.484 Z0.400 E16.62696 F800
G1 X105.089 Y100.324 Z0.400 E16.63658 F800
G1 X104.909 Y100.394 Z0.400 E16.64817 F800
G1 X104.739 Y100.444 Z0.400 E16.65880 F800
G1 X104.669 Y99.994 Z0.400 E16.68612 F800
G1 X104.579 Y99.774 Z0.400 E16.70039 F800
G1 X104.619 Y99.604 Z0.400 E16.71087 F800
G1 X104.849 Y99.724 Z0.400 E16.72643 F800
G1 X104.299 Y99.794 Z0.400 E16.75970 F800
G1 X104.299 Y99.824 Z0.400 E16.76150 F800
G1 X104.279 Y99.844 Z0.400 E16.76319 F800
G1 X104.269 Y99.864 Z0.400 E16.76454 F800
G1 X104.259 Y99.874 Z0.400 E16.76538 F800
G1 X103.969 Y99.804 Z0.400 E16.78328 F800
G1 X103.959 Y99.854 Z0.400 E16.78634 F800
G1 X103.619 Y99.834 Z0.400 E16.80678 F800
G1 X103.599 Y99.794 Z0.400 E16.80946 F800
G1 X103.269 Y99.844 Z0.400 E16.82949 F800
G1 X102.949 Y99.814 Z0.400 E16.84877 F800
G1 X102.649 Y99.834 Z0.400 E16.86681 F800
G1 X102.369 Y99.854 Z0.400 E16.88365 F800
G1 X101.999 Y99.854 Z0.400 E16.90585 F800
G1 X101.679 Y99.864 Z0.400 E16.92506 F800
G1 X101.609 Y100.284 Z0.400 E16.95061 F800
G1 X101.939 Y100.364 Z0.400 E16.97099 F800
G1 X102.259 Y100.474 Z0.400 E16.99129 F800
G1 X102.559 Y100.534 Z0.400 E17.00964 F800
G1 X102.819 Y100.674 Z0.400 E17.02736 F800
G1 X103.139 Y100.734 Z0.400 E17.04690 F800
G1 X103.199 Y100.704 Z0.400 E17.05092 F800
G1 X103.459 Y100.764 Z0.400 E17.06693 F800
G1 X103.779 Y100.884 Z0.400 E17.08744 F800
G1 X104.079 Y100.964 Z0.400 E17.10607 F800
G1 X104.459 Y101.104 Z0.400 E17.13036 F800
G1 X104.659 Y101.134 Z0.400 E17.14250 F800
G1 X104.579 Y100.924 Z0.400 E17.15598 F800
G1 X104.639 Y101.614 Z0.400 E17.19754 F800
G1 X104.819 Y101.714 Z0.400 E17.20989 F800
G1 X105.009 Y101.794 Z0.400 E17.22226 F800
G1 X105.139 Y101.794 Z0.400 E17.23006 F800
G1 X105.289 Y101.934 Z0.400 E17.24237 F800
G1 X105.529 Y101.844 Z0.400 E17.25775 F800
G1 X105.739 Y101.894 Z0.400 E17.27070 F800
G1 X105.619 Y102.074 Z0.400 E17.28368 F800
G1 X105.829 Y102.234 Z0.400 E17.29952 F800
G1 X105.999 Y102.084 Z0.400 E17.31313 F800
G1 X106.029 Y101.854 Z0.400 E17.32704 F800
G1 X106.309 Y101.884 Z0.400 E17.34394 F800
G1 X106.639 Y101.854 Z0.400 E17.36382 F800
G1 X106.979 Y101.884 Z0.400 E17.38430 F800
G1 X107.879 Y100.824 Z0.400 E17.46773 F800
G1 X108.239 Y100.634 Z0.400 E17.49216 F800
G1 X108.469 Y100.464 Z0.400 E17.50932 F800
G1 X108.729 Y100.234 Z0.400 E17.53015 F800
G1 X108.919 Y100.514 Z0.400 E17.55045 F800
G1 X109.229 Y100.554 Z0.400 E17.56920 F800
G1 X109.139 Y100.204 Z0.400 E17.59089 F800
G1 X109.109 Y99.794 Z0.400 E17.61555 F800
G1 X109.809 Y99.974 Z0.400 E17.65892 F800
G1 X108.659 Y100.864 Z0.400 E17.74617 F800
G1 X108.369 Y101.184 Z0.400 E17.77208 F800
G1 X108.249 Y100.104 Z0.400 E17.83728 F800
G1 X108.179 Y99.464 Z0.400 E17.87591 F800
G1 X107.919 Y99.374 Z0.400 E17.89242 F800
G1 X107.979 Y99.214 Z0.400 E17.90267 F800
G1 X107.659 Y99.404 Z0.400 E17.92500 F800
G1 X107.539 Y99.164 Z0.400 E17.94110 F800
G1 X107.319 Y99.324 Z0.400 E17.95742 F800
G1 X106.989 Y99.264 Z0.400 E17.97754 F800
G1 X106.589 Y99.224 Z0.400 E18.00166 F800
G1 X106.399 Y98.924 Z0.400 E18.02297 F800
G1 X106.129 Y99.064 Z0.400 E18.04122 F800
G1 X105.979 Y98.934 Z0.400 E18.05313 F800
G1 X105.899 Y98.794 Z0.400 E18.06280 F800
G1 X106.119 Y98.744 Z0.400 E18.07634 F800
G1 X106.259 Y98.614 Z0.400 E18.08780 F800
G1 X106.559 Y98.514 Z0.400 E18.10678 F800
G1 X106.699 Y98.374 Z0.400 E18.11866 F800
G1 X106.879 Y98.324 Z0.400 E18.12986 F800
G1 X107.119 Y98.254 Z0.400 E18.14486 F800
G1 X107.419 Y98.014 Z0.400 E18.16792 F800
G1 X107.629 Y97.934 Z0.400 E18.18140 F800
G1 X107.929 Y98.114 Z0.400 E18.20239 F800
G1 X108.049 Y98.074 Z0.400 E18.20998 F800
G1 X107.799 Y98.294 Z0.400 E18.22996 F800
G1 X107.619 Y98.484 Z0.400 E18.24566 F800
G1 X107.469 Y98.624 Z0.400 E18.25798 F800
G1 X107.159 Y98.764 Z0.400 E18.27838 F800
G1 X106.769 Y98.814 Z0.400 E18.30198 F800
G1 X105.739 Y99.004 Z0.400 E18.36482 F800
G1 X105.639 Y99.014 Z0.400 E18.37085 F800
G1 X105.389 Y99.114 Z0.400 E18.38700 F800
G1 X105.319 Y99.034 Z0.400 E18.39338 F800
G1 X105.039 Y99.034 Z0.400 E18.41018 F800
G1 X105.009 Y99.144 Z0.400 E18.41702 F800
G1 X104.759 Y99.144 Z0.400 E18.43202 F800
G1 X104.669 Y98.654 Z0.400 E18.46191 F800
G1 X104.459 Y98.724 Z0.400 E18.47520 F800
G1 X104.449 Y98.594 Z0.400 E18.48302 F800
G1 X104.169 Y98.644 Z0.400 E18.50008 F800
G1 X103.819 Y98.784 Z0.400 E18.52270 F800
G1 X103.499 Y98.844 Z0.400 E18.54224 F800
G1 X103.199 Y98.904 Z0.400 E18.56059 F800
G1 X102.849 Y99.004 Z0.400 E18.58243 F800
G1 X102.569 Y99.094 Z0.400 E18.60008 F800
G1 X102.279 Y99.184 Z0.400 E18.61830 F800
G1 X101.779 Y99.334 Z0.400 E18.64962 F800
G1 X101.469 Y98.904 Z0.400 E18.68143 F800
G1 X101.709 Y98.744 Z0.400 E18.69873 F800
G1 X101.969 Y98.614 Z0.400 E18.71617 F800
G1 X102.359 Y98.384 Z0.400 E18.74334 F800
G1 X102.809 Y98.144 Z0.400 E18.77394 F800
G1 X103.119 Y97.964 Z0.400 E18.79545 F800
G1 X103.379 Y97.814 Z0.400 E18.81346 F800
G1 X103.719 Y97.584 Z0.400 E18.83809 F800
G1 X103.879 Y97.374 Z0.400 E18.85393 F800
G1 X103.979 Y97.474 Z0.400 E18.86241 F800
G1 X104.079 Y97.304 Z0.400 E18.87425 F800
G1 X103.889 Y96.844 Z0.400 E18.90411 F800
G1 X104.029 Y96.724 Z0.400 E18.91517 F800
G1 X104.089 Y96.764 Z0.400 E18.91950 F800
G1 X104.299 Y96.574 Z0.400 E18.93649 F800
G1 X104.379 Y96.454 Z0.400 E18.94514 F800
G1 X104.549 Y96.314 Z0.400 E18.95836 F800
G1 X104.629 Y96.144 Z0.400 E18.96963 F800
G1 X104.689 Y96.064 Z0.400 E18.97563 F800
G1 X104.699 Y95.954 Z0.400 E18.98226 F800
G1 X104.819 Y96.054 Z0.400 E18.99163 F800
G1 X104.799 Y96.174 Z0.400 E18.99893 F800
G1 X105.069 Y96.104 Z0.400 E19.01566 F800
G1 X105.149 Y95.854 Z0.400 E19.03141 F800
G1 X104.859 Y95.764 Z0.400 E19.04963 F800
G1 X104.839 Y95.884 Z0.400 E19.05693 F800
G1 X104.919 Y95.654 Z0.400 E19.07154 F800
G1 X104.949 Y95.554 Z0.400 E19.07781 F800
G1 X105.039 Y95.504 Z0.400 E19.08398 F800
G1 X105.129 Y95.324 Z0.400 E19.09606 F800
G1 X105.229 Y95.264 Z0.400 E19.10306 F800
G1 X105.289 Y95.144 Z0.400 E19.11111 F800
G1 X105.359 Y94.944 Z0.400 E19.12382 F800
G1 X105.439 Y94.974 Z0.400 E19.12895 F800
G1 X105.469 Y94.824 Z0.400 E19.13812 F800
G1 X105.629 Y94.624 Z0.400 E19.15349 F800
G1 X105.719 Y94.424 Z0.400 E19.16665 F800
G1 X106.139 Y94.274 Z0.400 E19.19341 F800
G1 X106.209 Y94.564 Z0.400 E19.21131 F800
G1 X105.989 Y94.784 Z0.400 E19.22998 F800
G1 X105.979 Y95.004 Z0.400 E19.24319 F800
G1 X105.889 Y95.224 Z0.400 E19.25745 F800
G1 X105.709 Y95.364 Z0.400 E19.27114 F800
G1 X105.429 Y95.614 Z0.400 E19.29366 F800
G1 X105.459 Y95.984 Z0.400 E19.31593 F800
G1 X105.799 Y95.914 Z0.400 E19.33676 F800
G1 X106.149 Y95.804 Z0.400 E19.35877 F800
G1 X106.289 Y95.544 Z0.400 E19.37649 F800
G1 X106.559 Y95.694 Z0.400 E19.39502 F800
G1 X106.669 Y95.454 Z0.400 E19.41086 F800
G1 X106.389 Y95.054 Z0.400 E19.44016 F800
G1 X106.529 Y94.604 Z0.400 E19.46843 F800
G1 X106.899 Y94.854 Z0.400 E19.49523 F800
G1 X107.109 Y95.054 Z0.400 E19.51263 F800
G1 X107.009 Y94.504 Z0.400 E19.54617 F800
G1 X106.849 Y94.274 Z0.400 E19.56298 F800
G1 X106.999 Y94.044 Z0.400 E19.57945 F800
G1 X107.229 Y93.774 Z0.400 E19.60073 F800
G1 X106.899 Y93.674 Z0.400 E19.62142 F800
G1 X106.569 Y93.604 Z0.400 E19.64166 F800
G1 X106.629 Y93.994 Z0.400 E19.66534 F800
G1 X107.089 Y93.054 Z0.400 E19.72813 F800
G1 X107.339 Y93.204 Z0.400 E19.74562 F800
G1 X105.709 Y93.394 Z0.400 E19.84409 F800
G1 X105.419 Y93.314 Z0.400 E19.86213 F800
G1 X105.189 Y93.084 Z0.400 E19.88165 F800
G1 X105.089 Y93.274 Z0.400 E19.89453 F800
G1 X105.039 Y92.884 Z0.400 E19.91813 F800
G1 X105.209 Y92.684 Z0.400 E19.93387 F800
G1 X105.409 Y92.504 Z0.400 E19.95002 F800
G1 X105.159 Y92.244 Z0.400 E19.97166 F800
G1 X104.949 Y92.044 Z0.400 E19.98906 F800
G1 X104.809 Y92.444 Z0.400 E20.01449 F800
G1 X104.529 Y92.894 Z0.400 E20.04629 F800
G1 X104.219 Y93.094 Z0.400 E20.06842 F800
G1 X104.119 Y93.324 Z0.400 E20.08347 F800
G1 X104.149 Y93.444 Z0.400 E20.09089 F800
G1 X104.029 Y93.604 Z0.400 E20.10289 F800
G1 X104.099 Y93.724 Z0.400 E20.11123 F800
G1 X103.999 Y93.754 Z0.400 E20.11749 F800
G1 X103.939 Y93.884 Z0.400 E20.12608 F800
G1 X103.939 Y93.984 Z0.400 E20.13208 F800
G1 X103.949 Y93.994 Z0.400 E20.13293 F800
G1 X103.929 Y94.024 Z0.400 E20.13509 F800
G1 X103.899 Y94.104 Z0.400 E20.14022 F800
G1 X103.859 Y94.154 Z0.400 E20.14406 F800
G1 X103.829 Y94.204 Z0.400 E20.14756 F800
G1 X103.829 Y94.254 Z0.400 E20.15056 F800
G1 X103.839 Y94.264 Z0.400 E20.15141 F800
G1 X103.849 Y94.284 Z0.400 E20.15275 F800
G1 X103.829 Y94.304 Z0.400 E20.15445 F800
G1 X103.809 Y94.324 Z0.400 E20.15615 F800
G1 X103.779 Y94.364 Z0.400 E20.15915 F800
G1 X103.799 Y94.384 Z0.400 E20.16084 F800
G1 X103.779 Y94.454 Z0.400 E20.16521 F800
G1 X103.739 Y94.514 Z0.400 E20.16954 F800
G1 X103.739 Y94.564 Z0.400 E20.17254 F800
G1 X103.709 Y94.614 Z0.400 E20.17604 F800
G1 X103.699 Y94.624 Z0.400 E20.17688 F800
G1 X103.689 Y94.624 Z0.400 E20.17748 F800
G1 X103.699 Y94.634 Z0.400 E20.17833 F800
G1 X103.699 Y94.644 Z0.400 E20.17893 F800
G1 X103.699 Y94.654 Z0.400 E20.17953 F800
G1 X103.699 Y94.664 Z0.400 E20.18013 F800
G1 X103.699 Y94.674 Z0.400 E20.18073 F800
G1 X103.689 Y94.674 Z0.400 E20.18133 F800
G1 X103.679 Y94.684 Z0.400 E20.18218 F800
G1 X103.679 Y94.694 Z0.400 E20.18278 F800
G1 X103.699 Y94.714 Z0.400 E20.18448 F800
G1 X103.709 Y94.684 Z0.400 E20.18638 F800
G1 X103.729 Y94.654 Z0.400 E20.18854 F800
G1 X103.709 Y94.634 Z0.400 E20.19024 F800
G1 X103.739 Y94.624 Z0.400 E20.19213 F800
G1 X103.639 Y94.744 Z0.400 E20.20151 F800
G1 X103.679 Y94.784 Z0.400 E20.20490 F800
G1 X103.649 Y94.824 Z0.400 E20.20790 F800
G1 X103.639 Y94.844 Z0.400 E20.20924 F800
G1 X103.629 Y94.844 Z0.400 E20.20984 F800
G1 X103.629 Y94.834 Z0.400 E20.21044 F800
G1 X103.639 Y94.864 Z0.400 E20.21234 F800
G1 X103.629 Y94.874 Z0.400 E20.21319 F800
G1 X103.619 Y94.874 Z0.400 E20.21379 F800
G1 X103.609 Y94.874 Z0.400 E20.21439 F800
G1 X103.599 Y94.884 Z0.400 E20.21524 F800
G1 X103.619 Y94.904 Z0.400 E20.21693 F800
G1 X103.629 Y94.884 Z0.400 E20.21828 F800
G1 X103.669 Y94.924 Z0.400 E20.22167 F800
G1 X103.689 Y94.854 Z0.400 E20.22604 F800
G1 X103.609 Y94.804 Z0.400 E20.23170 F800
G1 X103.589 Y94.804 Z0.400 E20.23290 F800
G1 X103.549 Y94.964 Z0.400 E20.24279 F800
G1 X103.479 Y95.014 Z0.400 E20.24795 F800
G1 X103.569 Y95.114 Z0.400 E20.25603 F800
G1 X103.489 Y95.204 Z0.400 E20.26325 F800
G1 X103.409 Y95.244 Z0.400 E20.26862 F800
G1 X103.299 Y95.434 Z0.400 E20.28179 F800
G1 X103.339 Y95.564 Z0.400 E20.28995 F800
G1 X103.119 Y95.774 Z0.400 E20.30820 F800
G1 X103.149 Y95.854 Z0.400 E20.31333 F800
G1 X102.899 Y95.904 Z0.400 E20.32862 F800
G1 X102.499 Y95.634 Z0.400 E20.35758 F800
G1 X102.359 Y95.774 Z0.400 E20.36946 F800
G1 X102.209 Y95.774 Z0.400 E20.37846 F800
G1 X102.179 Y95.734 Z0.400 E20.38146 F800
G1 X102.259 Y95.634 Z0.400 E20.38914 F800
G1 X102.079 Y96.014 Z0.400 E20.41437 F800
G1 X102.079 Y96.024 Z0.400 E20.41497 F800
G1 X102.049 Y96.034 Z0.400 E20.41687 F800
G1 X101.919 Y96.264 Z0.400 E20.43272 F800
G1 X101.899 Y96.294 Z0.400 E20.43488 F800
G1 X101.899 Y96.354 Z0.400 E20.43848 F800
G1 X101.729 Y96.574 Z0.400 E20.45517 F800
G1 X101.649 Y96.854 Z0.400 E20.47264 F800
G1 X101.619 Y96.884 Z0.400 E20.47518 F800
G1 X101.569 Y96.884 Z0.400 E20.47818 F800
G1 X101.419 Y97.104 Z0.400 E20.49416 F800
G1 X101.419 Y97.124 Z0.400 E20.49536 F800
G1 X101.419 Y97.154 Z0.400 E20.49716 F800
G1 X101.279 Y97.404 Z0.400 E20.51435 F800
G1 X101.279 Y97.444 Z0.400 E20.51675 F800
G1 X101.079 Y97.724 Z0.400 E20.53740 F800
G1 X100.909 Y98.014 Z0.400 E20.55757 F800
G1 X100.909 Y98.044 Z0.400 E20.55937 F800
G1 X100.759 Y98.274 Z0.400 E20.57584 F800
G1 X100.339 Y98.104 Z0.400 E20.60303 F800
G1 X100.329 Y98.074 Z0.400 E20.60492 F800
G1 X100.429 Y97.784 Z0.400 E20.62333 F800
G1 X100.489 Y97.414 Z0.400 E20.64582 F800
G1 X100.589 Y97.164 Z0.400 E20.66198 F800
G1 X100.659 Y96.804 Z0.400 E20.68398 F800
G1 X100.759 Y96.544 Z0.400 E20.70069 F800
G1 X100.849 Y96.214 Z0.400 E20.72122 F800
G1 X100.919 Y95.924 Z0.400 E20.73912 F800
G1 X100.979 Y95.674 Z0.400 E20.75454 F800
G1 X101.029 Y95.604 Z0.400 E20.75970 F800
G1 X101.029 Y95.594 Z0.400 E20.76030 F800
G1 X101.039 Y95.594 Z0.400 E20.76090 F800
G1 X101.019 Y95.564 Z0.400 E20.76307 F800
G1 X101.099 Y95.324 Z0.400 E20.77825 F800
G1 X101.149 Y95.294 Z0.400 E20.78175 F800
G1 X101.279 Y95.344 Z0.400 E20.79010 F800
G1 X101.089 Y95.104 Z0.400 E20.80847 F800
G1 X100.899 Y95.294 Z0.400 E20.82459 F800
G1 X100.639 Y94.874 Z0.400 E20.85423 F800
G1 X100.779 Y94.774 Z0.400 E20.86455 F800
G1 X100.779 Y94.704 Z0.400 E20.86875 F800
G1 X100.809 Y94.664 Z0.400 E20.87175 F800
G1 X100.869 Y94.654 Z0.400 E20.87540 F800
G1 X100.729 Y94.594 Z0.400 E20.88454 F800
G1 X100.839 Y94.404 Z0.400 E20.89771 F800
G1 X100.879 Y94.414 Z0.400 E20.90019 F800
G1 X100.749 Y94.174 Z0.400 E20.91656 F800
G1 X100.839 Y93.994 Z0.400 E20.92864 F800
G1 X100.919 Y94.044 Z0.400 E20.93430 F800
G1 X100.989 Y93.824 Z0.400 E20.94815 F800
G1 X100.819 Y93.764 Z0.400 E20.95897 F800
G1 X100.739 Y93.724 Z0.400 E20.96433 F800
G1 X100.789 Y93.644 Z0.400 E20.96999 F800
G1 X100.769 Y93.604 Z0.400 E20.97268 F800
G1 X100.739 Y93.494 Z0.400 E20.97952 F800
G1 X100.709 Y93.484 Z0.400 E20.98142 F800
G1 X100.699 Y93.394 Z0.400 E20.98685 F800
G1 X100.729 Y93.294 Z0.400 E20.99311 F800
G1 X100.599 Y93.144 Z0.400 E21.00502 F800
G1 X100.669 Y93.104 Z0.400 E21.00986 F800
G1 X100.679 Y93.004 Z0.400 E21.01589 F800
G1 X100.629 Y92.924 Z0.400 E21.02155 F800
G1 X100.579 Y92.854 Z0.400 E21.02671 F800
G1 X100.629 Y92.744 Z0.400 E21.03396 F800
G1 X100.589 Y92.724 Z0.400 E21.03665 F800
G1 X100.579 Y92.514 Z0.400 E21.04926 F800
G1 X100.589 Y92.424 Z0.400 E21.05469 F800
G1 X100.599 Y92.364 Z0.400 E21.05834 F800
G1 X100.559 Y92.134 Z0.400 E21.07235 F800
G1 X100.519 Y92.124 Z0.400 E21.07482 F800
G1 X100.459 Y91.894 Z0.400 E21.08909 F800
G1 X100.779 Y91.794 Z0.400 E21.10920 F800
G1 X100.829 Y91.914 Z0.400 E21.11700 F800
G1 X100.929 Y92.014 Z0.400 E21.12549 F800
G1 X101.099 Y92.264 Z0.400 E21.14363 F800
G1 X101.069 Y92.364 Z0.400 E21.14989 F800
G1 X101.089 Y92.614 Z0.400 E21.16494 F800
G1 X101.029 Y92.964 Z0.400 E21.18624 F800
G1 X100.999 Y93.334 Z0.400 E21.20852 F800
G1 X101.129 Y93.564 Z0.400 E21.22437 F800
G1 X100.899 Y93.634 Z0.400 E21.23879 F800
G1 X100.769 Y93.864 Z0.400 E21.25465 F800
G1 X101.339 Y93.204 Z0.400 E21.30697 F800
G1 X101.479 Y92.874 Z0.400 E21.32848 F800
G1 X101.699 Y92.614 Z0.400 E21.34891 F800
G1 X101.609 Y92.304 Z0.400 E21.36828 F800
G1 X101.869 Y92.314 Z0.400 E21.38389 F800
G1 X101.869 Y92.144 Z0.400 E21.39409 F800
G1 X101.939 Y92.014 Z0.400 E21.40295 F800
G1 X101.769 Y91.904 Z0.400 E21.41510 F800
G1 X101.369 Y91.944 Z0.400 E21.43922 F800
G1 X101.159 Y91.604 Z0.400 E21.46320 F800
G1 X101.299 Y91.504 Z0.400 E21.47352 F800
G1 X101.569 Y91.424 Z0.400 E21.49042 F800
G1 X101.459 Y91.124 Z0.400 E21.50959 F800
G1 X101.219 Y91.014 Z0.400 E21.52543 F800
G1 X101.049 Y90.864 Z0.400 E21.53903 F800
G1 X101.299 Y90.704 Z0.400 E21.55684 F800
G1 X101.059 Y90.464 Z0.400 E21.57721 F800
G1 X100.759 Y90.604 Z0.400 E21.59707 F800
G1 X100.489 Y90.684 Z0.400 E21.61397 F800
G1 X100.679 Y90.954 Z0.400 E21.63377 F800
G1 X100.669 Y91.494 Z0.400 E21.66618 F800
G1 X101.059 Y91.344 Z0.400 E21.69125 F800
G1 X101.929 Y91.414 Z0.400 E21.74362 F800
G1 X102.779 Y91.504 Z0.400 E21.79490 F800
G1 X103.089 Y91.584 Z0.400 E21.81411 F800
G1 X103.199 Y91.354 Z0.400 E21.82941 F800
G1 X103.109 Y91.174 Z0.400 E21.84149 F800
G1 X102.789 Y91.034 Z0.400 E21.86244 F800
G1 X103.439 Y90.984 Z0.400 E21.90156 F800
G1 X103.489 Y91.244 Z0.400 E21.91744 F800
G1 X103.339 Y91.754 Z0.400 E21.94934 F800
G1 X103.209 Y91.924 Z0.400 E21.96218 F800
G1 X103.269 Y92.204 Z0.400 E21.97936 F800
G1 X103.319 Y92.514 Z0.400 E21.99820 F800
G1 X103.669 Y92.614 Z0.400 E22.02004 F800
G1 X103.819 Y92.684 Z0.400 E22.02997 F800
G1 X103.769 Y92.804 Z0.400 E22.03777 F800
G1 X103.729 Y92.964 Z0.400 E22.04767 F800
G1 X103.599 Y93.004 Z0.400 E22.05583 F800
G1 X103.349 Y93.004 Z0.400 E22.07083 F800
G1 X103.519 Y93.244 Z0.400 E22.08848 F800
G1 X103.359 Y93.344 Z0.400 E22.09980 F800
G1 X103.139 Y93.504 Z0.400 E22.11612 F800
G1 X102.929 Y93.804 Z0.400 E22.13809 F800
G1 X102.569 Y93.784 Z0.400 E22.15973 F800
G1 X102.319 Y93.804 Z0.400 E22.17477 F800
G1 X102.309 Y93.794 Z0.400 E22.17562 F800
G1 X102.299 Y93.804 Z0.400 E22.17647 F800
G1 X102.289 Y93.804 Z0.400 E22.17707 F800
G1 X102.289 Y93.794 Z0.400 E22.17767 F800
G1 X102.309 Y93.814 Z0.400 E22.17937 F800
G1 X102.309 Y93.824 Z0.400 E22.17997 F800
G1 X102.299 Y93.824 Z0.400 E22.18057 F800
G1 X102.299 Y93.834 Z0.400 E22.18117 F800
G1 X102.289 Y93.834 Z0.400 E22.18177 F800
G1 X102.279 Y93.834 Z0.400 E22.18237 F800
G1 X102.279 Y93.824 Z0.400 E22.18297 F800
G1 X102.289 Y93.824 Z0.400 E22.18357 F800
G1 X102.289 Y93.844 Z0.400 E22.18477 F800
G1 X102.279 Y93.844 Z0.400 E22.18537 F800
G1 X102.279 Y93.854 Z0.400 E22.18597 F800
G1 X102.279 Y93.864 Z0.400 E22.18657 F800
G1 X102.279 Y93.874 Z0.400 E22.18717 F800
G1 X102.289 Y93.864 Z0.400 E22.18802 F800
G1 X102.289 Y93.854 Z0.400 E22.18862 F800
G1 X102.299 Y93.854 Z0.400 E22.18922 F800
G1 X102.299 Y93.844 Z0.400 E22.18982 F800
G1 X102.309 Y93.844 Z0.400 E22.19042 F800
G1 X102.309 Y93.854 Z0.400 E22.19102 F800
G1 X102.309 Y93.864 Z0.400 E22.19162 F800
G1 X102.309 Y93.874 Z0.400 E22.19222 F800
G1 X102.299 Y93.864 Z0.400 E22.19306 F800
G1 X102.299 Y93.884 Z0.400 E22.19426 F800
G1 X102.289 Y93.884 Z0.400 E22.19486 F800
G1 X102.279 Y93.894 Z0.400 E22.19571 F800
G1 X102.269 Y93.894 Z0.400 E22.19631 F800
G1 X102.279 Y93.914 Z0.400 E22.19765 F800
G1 X102.289 Y93.914 Z0.400 E22.19825 F800
G1 X102.299 Y93.914 Z0.400 E22.19885 F800
G1 X102.299 Y93.904 Z0.400 E22.19945 F800
G1 X102.299 Y93.894 Z0.400 E22.20005 F800
G1 X102.309 Y93.894 Z0.400 E22.20065 F800
G1 X102.309 Y93.914 Z0.400 E22.20185 F800
G1 X102.309 Y93.924 Z0.400 E22.20245 F800
G1 X102.289 Y93.934 Z0.400 E22.20380 F800
G1 X102.269 Y93.934 Z0.400 E22.20500 F800
G1 X102.229 Y93.944 Z0.400 E22.20747 F800
G1 X102.239 Y93.994 Z0.400 E22.21053 F800
G1 X102.269 Y94.024 Z0.400 E22.21307 F800
G1 X102.279 Y94.024 Z0.400 E22.21367 F800
G1 X102.279 Y94.034 Z0.400 E22.21427 F800
G1 X102.279 Y94.054 Z0.400 E22.21547 F800
G1 X102.259 Y94.054 Z0.400 E22.21667 F800
G1 X102.259 Y94.044 Z0.400 E22.21727 F800
G1 X102.259 Y94.064 Z0.400 E22.21847 F800
G1 X102.259 Y94.074 Z0.400 E22.21907 F800
G1 X102.259 Y94.084 Z0.400 E22.21967 F800
G1 X102.259 Y94.094 Z0.400 E22.22027 F800
G1 X102.249 Y94.094 Z0.400 E22.22087 F800
G1 X102.239 Y94.084 Z0.400 E22.22172 F800
G1 X102.249 Y94.114 Z0.400 E22.22362 F800
G1 X102.249 Y94.124 Z0.400 E22.22422 F800
G1 X102.259 Y94.124 Z0.400 E22.22482 F800
G1 X102.269 Y94.124 Z0.400 E22.22542 F800
G1 X102.279 Y94.124 Z0.400 E22.22602 F800
G1 X102.279 Y94.134 Z0.400 E22.22662 F800
G1 X102.289 Y94.134 Z0.400 E22.22722 F800
G1 X102.289 Y94.124 Z0.400 E22.22782 F800
G1 X102.289 Y94.114 Z0.400 E22.22842 F800
G1 X102.279 Y94.114 Z0.400 E22.22902 F800
G1 X102.279 Y94.104 Z0.400 E22.22962 F800
G1 X102.279 Y94.094 Z0.400 E22.23022 F800
G1 X102.279 Y94.084 Z0.400 E22.23082 F800
G1 X102.279 Y94.074 Z0.400 E22.23142 F800
G1 X102.289 Y94.074 Z0.400 E22.23202 F800
G1 X102.289 Y94.084 Z0.400 E22.23262 F800
G1 X102.289 Y94.094 Z0.400 E22.23322 F800
G1 X102.289 Y94.104 Z0.400 E22.23382 F800
G1 X102.299 Y94.104 Z0.400 E22.23442 F800
G1 X102.299 Y94.094 Z0.400 E22.23502 F800
G1 X102.299 Y94.114 Z0.400 E22.23622 F800
G1 X102.309 Y94.124 Z0.400 E22.23707 F800
G1 X102.299 Y94.134 Z0.400 E22.23792 F800
G1 X102.289 Y94.144 Z0.400 E22.23877 F800
G1 X102.269 Y94.144 Z0.400 E22.23997 F800
G1 X102.249 Y94.144 Z0.400 E22.24117 F800
G1 X102.249 Y94.174 Z0.400 E22.24297 F800
G1 X102.279 Y94.194 Z0.400 E22.24513 F800
G1 X102.309 Y94.174 Z0.400 E22.24729 F800
G1 X102.339 Y94.124 Z0.400 E22.25079 F800
G1 X102.329 Y94.104 Z0.400 E22.25213 F800
G1 X102.309 Y94.054 Z0.400 E22.25536 F800
G1 X102.269 Y94.104 Z0.400 E22.25921 F800
G1 X102.269 Y94.114 Z0.400 E22.25981 F800
G1 X102.439 Y94.244 Z0.400 E22.27265 F800
G1 X102.289 Y94.394 Z0.400 E22.28537 F800
G1 X102.279 Y94.414 Z0.400 E22.28672 F800
G1 X102.219 Y94.514 Z0.400 E22.29371 F800
G1 X102.379 Y94.484 Z0.400 E22.30348 F800
G1 X102.119 Y94.674 Z0.400 E22.32280 F800
G1 X102.179 Y94.794 Z0.400 E22.33085 F800
G1 X102.119 Y94.924 Z0.400 E22.33944 F800
G1 X102.059 Y95.054 Z0.400 E22.34803 F800
G1 X102.029 Y95.064 Z0.400 E22.34993 F800
G1 X102.019 Y95.074 Z0.400 E22.35078 F800
G1 X101.999 Y95.054 Z0.400 E22.35248 F800
G1 X102.029 Y95.044 Z0.400 E22.35437 F800
G1 X102.049 Y95.094 Z0.400 E22.35760 F800
G1 X102.039 Y95.104 Z0.400 E22.35845 F800
G1 X102.029 Y95.104 Z0.400 E22.35905 F800
G1 X102.019 Y95.114 Z0.400 E22.35990 F800
G1 X101.989 Y95.114 Z0.400 E22.36170 F800
G1 X101.969 Y95.124 Z0.400 E22.36304 F800
G1 X101.999 Y95.214 Z0.400 E22.36874 F800
G1 X101.729 Y95.294 Z0.400 E22.38563 F800
G1 X102.639 Y94.114 Z0.400 E22.47504 F800
G1 X102.329 Y93.864 Z0.400 E22.49893 F800
G1 X102.319 Y93.854 Z0.400 E22.49978 F800
G1 X102.319 Y93.834 Z0.400 E22.50098 F800
G1 X102.319 Y93.824 Z0.400 E22.50158 F800
G1 X102.269 Y93.854 Z0.400 E22.50508 F800
G1 X102.269 Y93.864 Z0.400 E22.50568 F800
G1 X102.259 Y93.844 Z0.400 E22.50702 F800
G1 X102.299 Y93.744 Z0.400 E22.51349 F800
G1 X102.269 Y93.644 Z0.400 E22.51975 F800
G1 X102.319 Y93.554 Z0.400 E22.52593 F800
G1 X102.319 Y93.494 Z0.400 E22.52953 F800
G1 X102.319 Y93.484 Z0.400 E22.53013 F800
G1 X102.309 Y93.484 Z0.400 E22.53073 F800
G1 X102.329 Y93.474 Z0.400 E22.53207 F800
G1 X102.329 Y93.464 Z0.400 E22.53267 F800
G1 X102.339 Y93.464 Z0.400 E22.53327 F800
G1 X102.339 Y93.454 Z0.400 E22.53387 F800
G1 X102.339 Y93.444 Z0.400 E22.53447 F800
G1 X102.339 Y93.434 Z0.400 E22.53507 F800
G1 X102.329 Y93.434 Z0.400 E22.53567 F800
G1 X102.329 Y93.444 Z0.400 E22.53627 F800
G1 X102.319 Y93.444 Z0.400 E22.53687 F800
G1 X102.349 Y93.444 Z0.400 E22.53867 F800
G1 X102.349 Y93.434 Z0.400 E22.53927 F800
G1 X102.349 Y93.454 Z0.400 E22.54047 F800
G1 X102.349 Y93.414 Z0.400 E22.54287 F800
G1 X102.329 Y93.414 Z0.400 E22.54407 F800
G1 X102.369 Y93.344 Z0.400 E22.54891 F800
G1 X102.349 Y93.254 Z0.400 E22.55444 F800
G1 X102.319 Y93.264 Z0.400 E22.55633 F800
G1 X102.319 Y93.204 Z0.400 E22.55993 F800
G1 X102.379 Y93.194 Z0.400 E22.56358 F800
G1 X102.369 Y93.154 Z0.400 E22.56606 F800
G1 X102.379 Y93.124 Z0.400 E22.56796 F800
G1 X102.369 Y93.104 Z0.400 E22.56930 F800
G1 X102.359 Y93.104 Z0.400 E22.56990 F800
G1 X102.389 Y93.094 Z0.400 E22.57179 F800
G1 X102.399 Y93.114 Z0.400 E22.57314 F800
G1 X102.339 Y92.934 Z0.400 E22.58452 F800
G1 X102.409 Y92.864 Z0.400 E22.59046 F800
G1 X102.399 Y92.854 Z0.400 E22.59131 F800
G1 X102.359 Y92.834 Z0.400 E22.59399 F800
G1 X102.369 Y92.734 Z0.400 E22.60002 F800
G1 X102.409 Y92.504 Z0.400 E22.61403 F800
G1 X102.399 Y92.284 Z0.400 E22.62724 F800
G1 X102.719 Y92.154 Z0.400 E22.64797 F800
G1 X102.839 Y92.284 Z0.400 E22.65858 F800
G1 X102.789 Y92.494 Z0.400 E22.67153 F800
G1 X102.849 Y92.604 Z0.400 E22.67905 F800
G1 X102.889 Y92.724 Z0.400 E22.68664 F800
G1 X102.899 Y93.034 Z0.400 E22.70525 F800
G1 X102.749 Y93.204 Z0.400 E22.71885 F800
G1 X102.649 Y93.474 Z0.400 E22.73613 F800
G1 X103.849 Y94.054 Z0.400 E22.81610 F800
G1 X103.719 Y94.344 Z0.400 E22.83517 F800
G1 X103.989 Y94.674 Z0.400 E22.86075 F800
G1 X103.989 Y94.974 Z0.400 E22.87875 F800
G1 X103.769 Y95.074 Z0.400 E22.89325 F800
G1 X103.629 Y95.234 Z0.400 E22.90601 F800
G1 X104.309 Y94.764 Z0.400 E22.95560 F800
G1 X104.629 Y94.534 Z0.400 E22.97925 F800
G1 X104.959 Y94.364 Z0.400 E23.00152 F800
G1 X104.999 Y94.114 Z0.400 E23.01671 F800
G1 X105.269 Y94.194 Z0.400 E23.03361 F800
G1 X105.379 Y93.954 Z0.400 E23.04945 F800
G1 X105.339 Y93.794 Z0.400 E23.05934 F800
G1 X104.999 Y93.674 Z0.400 E23.08098 F800
G1 X104.559 Y93.764 Z0.400 E23.10792 F800
G1 X104.419 Y94.034 Z0.400 E23.12617 F800
G1 X104.209 Y94.344 Z0.400 E23.14864 F800
G1 X104.549 Y93.434 Z0.400 E23.20692 F800
G1 X104.559 Y93.264 Z0.400 E23.21714 F800
G1 X105.419 Y92.974 Z0.400 E23.27160 F800
G1 X105.499 Y92.144 Z0.400 E23.32163 F800
G1 X105.319 Y91.534 Z0.400 E23.35979 F800
G1 X103.879 Y92.214 Z0.400 E23.45534 F800
G1 X103.649 Y92.074 Z0.400 E23.47149 F800
G1 X103.549 Y91.864 Z0.400 E23.48545 F800
G1 X102.739 Y91.944 Z0.400 E23.53428 F800
G1 X103.099 Y90.444 Z0.400 E23.62684 F800
G1 X100.799 Y89.924 Z0.400 E23.76832 F800
G1 X100.489 Y89.944 Z0.400 E23.78696 F800
G1 X99.769 Y91.164 Z0.400 E23.87196 F800
G1 X99.419 Y91.234 Z0.400 E23.89337 F800
G1 X99.149 Y91.334 Z0.400 E23.91065 F800
G1 X99.069 Y91.484 Z0.400 E23.92085 F800
G1 X98.959 Y91.164 Z0.400 E23.94115 F800
G1 X99.209 Y91.004 Z0.400 E23.95896 F800
G1 X98.829 Y90.834 Z0.400 E23.98394 F800
G1 X98.489 Y91.024 Z0.400 E24.00731 F800
G1 X98.439 Y90.664 Z0.400 E24.02912 F800
G1 X98.159 Y90.834 Z0.400 E24.04877 F800
G1 X98.729 Y90.434 Z0.400 E24.09055 F800
G1 X98.279 Y89.984 Z0.400 E24.12873 F800
G1 X98.009 Y90.124 Z0.400 E24.14698 F800
G1 X97.559 Y91.534 Z0.400 E24.23579 F800
G1 X97.309 Y91.664 Z0.400 E24.25269 F800
G1 X97.079 Y91.894 Z0.400 E24.27221 F800
G1 X96.779 Y91.754 Z0.400 E24.29207 F800
G1 X96.669 Y91.544 Z0.400 E24.30630 F800
G1 X97.059 Y91.444 Z0.400 E24.33045 F800
G1 X96.629 Y91.084 Z0.400 E24.36410 F800
G1 X96.419 Y90.964 Z0.400 E24.37861 F800
G1 X96.289 Y91.284 Z0.400 E24.39934 F800
G1 X95.959 Y91.354 Z0.400 E24.41958 F800
G1 X96.279 Y91.714 Z0.400 E24.44848 F800
G1 X96.569 Y92.124 Z0.400 E24.47861 F800
G1 X96.679 Y92.294 Z0.400 E24.49076 F800
G1 X96.869 Y92.334 Z0.400 E24.50241 F800
G1 X97.049 Y92.424 Z0.400 E24.51448 F800
G1 X97.219 Y92.544 Z0.400 E24.52697 F800
G1 X97.369 Y92.644 Z0.400 E24.53779 F800
G1 X97.439 Y92.914 Z0.400 E24.55452 F800
G1 X97.439 Y93.284 Z0.400 E24.57672 F800
G1 X97.279 Y93.484 Z0.400 E24.59209 F800
G1 X97.269 Y93.494 Z0.400 E24.59294 F800
G1 X97.309 Y93.584 Z0.400 E24.59885 F800
G1 X97.359 Y93.574 Z0.400 E24.60191 F800
G1 X97.469 Y93.584 Z0.400 E24.60853 F800
G1 X97.539 Y93.724 Z0.400 E24.61792 F800
G1 X97.559 Y93.844 Z0.400 E24.62522 F800
G1 X97.579 Y93.874 Z0.400 E24.62739 F800
G1 X97.619 Y93.884 Z0.400 E24.62986 F800
G1 X97.629 Y94.004 Z0.400 E24.63709 F800
G1 X97.799 Y93.984 Z0.400 E24.64736 F800
G1 X97.809 Y94.054 Z0.400 E24.65160 F800
G1 X97.789 Y94.174 Z0.400 E24.65890 F800
G1 X97.729 Y94.214 Z0.400 E24.66323 F800
G1 X97.939 Y94.344 Z0.400 E24.67804 F800
G1 X98.049 Y94.274 Z0.400 E24.68587 F800
G1 X97.939 Y94.034 Z0.400 E24.70171 F800
G1 X97.989 Y93.704 Z0.400 E24.72173 F800
G1 X97.739 Y93.634 Z0.400 E24.73731 F800
G1 X97.699 Y93.284 Z0.400 E24.75845 F800
G1 X97.999 Y93.364 Z0.400 E24.77708 F800
G1 X97.949 Y92.954 Z0.400 E24.80186 F800
G1 X97.859 Y92.654 Z0.400 E24.82065 F800
G1 X98.069 Y92.524 Z0.400 E24.83547 F800
G1 X98.009 Y92.274 Z0.400 E24.85090 F800
G1 X97.879 Y92.084 Z0.400 E24.86471 F800
G1 X97.689 Y91.974 Z0.400 E24.87788 F800
G1 X97.379 Y92.174 Z0.400 E24.90002 F800
G1 X97.769 Y92.394 Z0.400 E24.92688 F800
G1 X98.549 Y92.224 Z0.400 E24.97478 F800
G1 X98.679 Y92.474 Z0.400 E24.99169 F800
G1 X98.779 Y92.494 Z0.400 E24.99781 F800
G1 X98.719 Y92.584 Z0.400 E25.00430 F800
G1 X98.849 Y92.794 Z0.400 E25.01912 F800
G1 X98.849 Y92.834 Z0.400 E25.02152 F800
G1 X98.849 Y92.894 Z0.400 E25.02512 F800
G1 X98.949 Y93.064 Z0.400 E25.03695 F800
G1 X98.959 Y93.064 Z0.400 E25.03755 F800
G1 X98.959 Y93.224 Z0.400 E25.04715 F800
G1 X99.039 Y93.374 Z0.400 E25.05735 F800
G1 X99.149 Y93.454 Z0.400 E25.06551 F800
G1 X99.209 Y93.644 Z0.400 E25.07747 F800
G1 X99.209 Y93.834 Z0.400 E25.08887 F800
G1 X99.389 Y93.954 Z0.400 E25.10185 F800
G1 X99.419 Y94.134 Z0.400 E25.11279 F800
G1 X99.489 Y94.344 Z0.400 E25.12608 F800
G1 X99.459 Y94.464 Z0.400 E25.13350 F800
G1 X99.489 Y94.624 Z0.400 E25.14327 F800
G1 X99.389 Y94.634 Z0.400 E25.14929 F800
G1 X99.479 Y94.824 Z0.400 E25.16191 F800
G1 X99.299 Y94.924 Z0.400 E25.17426 F800
G1 X98.889 Y95.194 Z0.400 E25.20372 F800
G1 X98.679 Y95.214 Z0.400 E25.21638 F800
G1 X98.659 Y95.244 Z0.400 E25.21854 F800
G1 X98.669 Y95.304 Z0.400 E25.22219 F800
G1 X98.689 Y95.344 Z0.400 E25.22487 F800
G1 X98.579 Y95.274 Z0.400 E25.23270 F800
G1 X98.739 Y95.034 Z0.400 E25.25000 F800
G1 X98.299 Y95.094 Z0.400 E25.27665 F800
G1 X98.209 Y94.894 Z0.400 E25.28981 F800
G1 X98.139 Y94.894 Z0.400 E25.29401 F800
G1 X98.099 Y94.844 Z0.400 E25.29785 F800
G1 X98.149 Y94.784 Z0.400 E25.30253 F800
G1 X98.279 Y94.854 Z0.400 E25.31139 F800
G1 X98.149 Y94.574 Z0.400 E25.32991 F800
G1 X98.039 Y94.564 Z0.400 E25.33654 F800
G1 X98.139 Y95.254 Z0.400 E25.37837 F800
G1 X97.719 Y95.454 Z0.400 E25.40629 F800
G1 X97.509 Y95.694 Z0.400 E25.42542 F800
G1 X97.519 Y95.714 Z0.400 E25.42676 F800
G1 X97.529 Y95.754 Z0.400 E25.42924 F800
G1 X97.489 Y95.774 Z0.400 E25.43192 F800
G1 X97.679 Y95.974 Z0.400 E25.44847 F800
G1 X97.669 Y95.984 Z0.400 E25.44932 F800
G1 X97.689 Y96.014 Z0.400 E25.45148 F800
G1 X97.679 Y96.024 Z0.400 E25.45233 F800
G1 X97.669 Y96.024 Z0.400 E25.45293 F800
G1 X97.829 Y96.264 Z0.400 E25.47024 F800
G1 X97.829 Y96.274 Z0.400 E25.47084 F800
G1 X97.819 Y96.274 Z0.400 E25.47144 F800
G1 X97.849 Y96.254 Z0.400 E25.47360 F800
G1 X97.879 Y96.314 Z0.400 E25.47763 F800
G1 X97.969 Y96.514 Z0.400 E25.49078 F800
G1 X97.969 Y96.554 Z0.400 E25.49318 F800
G1 X97.989 Y96.554 Z0.400 E25.49438 F800
G1 X97.999 Y96.544 Z0.400 E25.49523 F800
G1 X98.149 Y96.824 Z0.400 E25.51429 F800
G1 X98.149 Y96.844 Z0.400 E25.51549 F800
G1 X98.169 Y96.834 Z0.400 E25.51683 F800
G1 X98.119 Y96.844 Z0.400 E25.51989 F800
G1 X98.179 Y96.914 Z0.400 E25.52542 F800
G1 X98.319 Y97.104 Z0.400 E25.53959 F800
G1 X98.329 Y97.124 Z0.400 E25.54093 F800
G1 X98.329 Y97.144 Z0.400 E25.54213 F800
G1 X98.339 Y97.144 Z0.400 E25.54273 F800
G1 X98.499 Y97.414 Z0.400 E25.56156 F800
G1 X98.479 Y97.434 Z0.400 E25.56326 F800
G1 X98.499 Y97.444 Z0.400 E25.56460 F800
G1 X98.649 Y97.704 Z0.400 E25.58261 F800
G1 X98.839 Y97.994 Z0.400 E25.60341 F800
G1 X99.009 Y98.304 Z0.400 E25.62462 F800
G1 X99.029 Y98.334 Z0.400 E25.62679 F800
G1 X99.319 Y98.134 Z0.400 E25.64792 F800
G1 X99.429 Y98.054 Z0.400 E25.65608 F800
G1 X99.309 Y97.744 Z0.400 E25.67603 F800
G1 X99.229 Y97.454 Z0.400 E25.69408 F800
G1 X99.169 Y97.214 Z0.400 E25.70892 F800
G1 X99.099 Y96.834 Z0.400 E25.73210 F800
G1 X98.979 Y96.604 Z0.400 E25.74767 F800
G1 X98.899 Y96.244 Z0.400 E25.76980 F800
G1 X98.819 Y95.894 Z0.400 E25.79134 F800
G1 X98.779 Y95.634 Z0.400 E25.80712 F800
G1 X98.739 Y95.554 Z0.400 E25.81249 F800
G1 X98.729 Y95.534 Z0.400 E25.81383 F800
G1 X99.809 Y95.434 Z0.400 E25.87891 F800
G1 X99.879 Y95.494 Z0.400 E25.88444 F800
G1 X99.899 Y95.374 Z0.400 E25.89174 F800
G1 X99.889 Y95.174 Z0.400 E25.90375 F800
G1 X99.959 Y95.114 Z0.400 E25.90928 F800
G1 X99.889 Y95.064 Z0.400 E25.91445 F800
G1 X99.779 Y95.164 Z0.400 E25.92337 F800
G1 X100.079 Y95.014 Z0.400 E25.94349 F800
G1 X99.959 Y94.814 Z0.400 E25.95748 F800
G1 X99.879 Y95.704 Z0.400 E26.01110 F800
G1 X99.879 Y95.804 Z0.400 E26.01710 F800
G1 X99.849 Y96.054 Z0.400 E26.03221 F800
G1 X99.879 Y96.434 Z0.400 E26.05508 F800
G1 X99.869 Y96.754 Z0.400 E26.07429 F800
G1 X99.869 Y97.284 Z0.400 E26.10609 F800
G1 X99.899 Y97.734 Z0.400 E26.13315 F800
G1 X99.879 Y98.104 Z0.400 E26.15538 F800
G1 X98.599 Y98.534 Z0.400 E26.23640 F800
G1 X98.339 Y98.364 Z0.400 E26.25504 F800
G1 X98.139 Y98.114 Z0.400 E26.27425 F800
G1 X97.929 Y97.884 Z0.400 E26.29293 F800
G1 X97.919 Y97.864 Z0.400 E26.29427 F800
G1 X97.689 Y97.624 Z0.400 E26.31422 F800
G1 X97.429 Y97.414 Z0.400 E26.33427 F800
G1 X97.229 Y97.214 Z0.400 E26.35124 F800
G1 X96.979 Y96.954 Z0.400 E26.37288 F800
G1 X96.749 Y96.714 Z0.400 E26.39283 F800
G1 X96.789 Y96.674 Z0.400 E26.39622 F800
G1 X96.559 Y96.514 Z0.400 E26.41303 F800
G1 X96.469 Y96.554 Z0.400 E26.41894 F800
G1 X96.149 Y96.474 Z0.400 E26.43873 F800
G1 X95.999 Y96.284 Z0.400 E26.45326 F800
G1 X95.959 Y96.224 Z0.400 E26.45759 F800
G1 X96.149 Y96.174 Z0.400 E26.46937 F800
G1 X95.829 Y96.064 Z0.400 E26.48968 F800
G1 X95.699 Y96.084 Z0.400 E26.49757 F800
G1 X95.589 Y95.814 Z0.400 E26.51506 F800
G1 X95.439 Y95.874 Z0.400 E26.52475 F800
G1 X95.389 Y95.694 Z0.400 E26.53596 F800
G1 X95.229 Y95.714 Z0.400 E26.54564 F800
G1 X95.239 Y95.814 Z0.400 E26.55167 F800
G1 X94.879 Y95.664 Z0.400 E26.57507 F800
G1 X94.759 Y95.644 Z0.400 E26.58237 F800
G1 X94.729 Y95.554 Z0.400 E26.58806 F800
G1 X94.579 Y95.514 Z0.400 E26.59737 F800
G1 X94.349 Y95.474 Z0.400 E26.61138 F800
G1 X94.309 Y95.384 Z0.400 E26.61729 F800
G1 X94.059 Y95.294 Z0.400 E26.63323 F800
G1 X93.679 Y95.134 Z0.400 E26.65797 F800
G1 X93.439 Y95.074 Z0.400 E26.67281 F800
G1 X93.599 Y94.754 Z0.400 E26.69428 F800
G1 X93.869 Y94.774 Z0.400 E26.71053 F800
G1 X94.179 Y94.754 Z0.400 E26.72916 F800
G1 X94.419 Y94.894 Z0.400 E26.74584 F800
G1 X94.629 Y95.214 Z0.400 E26.76880 F800
G1 X94.819 Y95.164 Z0.400 E26.78059 F800
G1 X94.949 Y95.404 Z0.400 E26.79697 F800
G1 X95.259 Y95.424 Z0.400 E26.81560 F800
G1 X95.089 Y95.044 Z0.400 E26.84058 F800
G1 X94.869 Y94.754 Z0.400 E26.86242 F800
G1 X94.789 Y94.344 Z0.400 E26.88749 F800
G1 X94.489 Y94.364 Z0.400 E26.90553 F800
G1 X94.529 Y94.074 Z0.400 E26.92309 F800
G1 X94.639 Y94.064 Z0.400 E26.92972 F800
G1 X94.359 Y93.924 Z0.400 E26.94850 F800
G1 X94.239 Y93.984 Z0.400 E26.95655 F800
G1 X94.019 Y94.314 Z0.400 E26.98035 F800
G1 X93.539 Y94.294 Z0.400 E27.00917 F800
G1 X93.329 Y94.164 Z0.400 E27.02399 F800
G1 X93.399 Y93.814 Z0.400 E27.04541 F800
G1 X93.719 Y93.924 Z0.400 E27.06571 F800
G1 X93.819 Y93.624 Z0.400 E27.08468 F800
G1 X92.949 Y93.884 Z0.400 E27.13916 F800
G1 X92.609 Y93.724 Z0.400 E27.16171 F800
G1 X92.609 Y94.104 Z0.400 E27.18451 F800
G1 X92.499 Y94.414 Z0.400 E27.20425 F800
G1 X92.869 Y94.384 Z0.400 E27.22652 F800
G1 X93.289 Y94.714 Z0.400 E27.25857 F800
G1 X93.029 Y95.494 Z0.400 E27.30790 F800
G1 X93.299 Y95.574 Z0.400 E27.32480 F800
G1 X93.319 Y95.874 Z0.400 E27.34284 F800
G1 X93.609 Y95.844 Z0.400 E27.36033 F800
G1 X93.759 Y96.124 Z0.400 E27.37939 F800
G1 X94.009 Y96.354 Z0.400 E27.39977 F800
G1 X93.699 Y96.554 Z0.400 E27.42190 F800
G1 X93.369 Y96.434 Z0.400 E27.44297 F800
G1 X93.079 Y96.334 Z0.400 E27.46138 F800
G1 X92.789 Y96.384 Z0.400 E27.47903 F800
G1 X92.549 Y96.504 Z0.400 E27.49513 F800
G1 X92.509 Y96.824 Z0.400 E27.51448 F800
G1 X92.769 Y96.814 Z0.400 E27.53010 F800
G1 X93.039 Y96.894 Z0.400 E27.54699 F800
G1 X93.169 Y97.024 Z0.400 E27.55802 F800
G1 X93.439 Y96.894 Z0.400 E27.57600 F800
G1 X93.469 Y97.014 Z0.400 E27.58342 F800
G1 X93.709 Y96.954 Z0.400 E27.59827 F800
G1 X93.839 Y97.064 Z0.400 E27.60848 F800
G1 X94.069 Y96.994 Z0.400 E27.62291 F800
G1 X94.069 Y96.754 Z0.400 E27.63731 F800
G1 X94.289 Y96.664 Z0.400 E27.65157 F800
G1 X94.449 Y96.874 Z0.400 E27.66741 F800
G1 X94.309 Y97.034 Z0.400 E27.68017 F800
G1 X94.499 Y97.104 Z0.400 E27.69232 F800
G1 X94.689 Y97.104 Z0.400 E27.70372 F800
G1 X94.939 Y97.354 Z0.400 E27.72493 F800
G1 X95.149 Y97.324 Z0.400 E27.73766 F800
G1 X95.039 Y97.164 Z0.400 E27.74931 F800
G1 X95.349 Y97.264 Z0.400 E27.76885 F800
G1 X95.459 Y97.354 Z0.400 E27.77738 F800
G1 X95.339 Y97.444 Z0.400 E27.78638 F800
G1 X95.359 Y97.744 Z0.400 E27.80442 F800
G1 X95.829 Y97.524 Z0.400 E27.83556 F800
G1 X95.869 Y97.544 Z0.400 E27.83824 F800
G1 X95.819 Y97.464 Z0.400 E27.84390 F800
G1 X95.849 Y97.264 Z0.400 E27.85603 F800
G1 X96.099 Y97.634 Z0.400 E27.88283 F800
G1 X96.349 Y97.804 Z0.400 E27.90097 F800
G1 X96.679 Y97.904 Z0.400 E27.92166 F800
G1 X96.929 Y98.134 Z0.400 E27.94204 F800
G1 X97.239 Y98.314 Z0.400 E27.96355 F800
G1 X97.639 Y98.494 Z0.400 E27.98986 F800
G1 X98.069 Y98.774 Z0.400 E28.02065 F800
G1 X98.299 Y98.894 Z0.400 E28.03622 F800
G1 X98.119 Y99.394 Z0.400 E28.06810 F800
G1 X98.069 Y99.824 Z0.400 E28.09408 F800
G1 X98.089 Y99.874 Z0.400 E28.09731 F800
G1 X97.779 Y99.804 Z0.400 E28.11637 F800
G1 X97.439 Y99.824 Z0.400 E28.13681 F800
G1 X97.109 Y99.834 Z0.400 E28.15662 F800
G1 X97.089 Y99.784 Z0.400 E28.15985 F800
G1 X96.769 Y99.844 Z0.400 E28.17939 F800
G1 X96.749 Y99.814 Z0.400 E28.18155 F800
G1 X96.489 Y99.864 Z0.400 E28.19743 F800
G1 X96.459 Y99.854 Z0.400 E28.19933 F800
G1 X96.109 Y99.824 Z0.400 E28.22041 F800
G1 X95.799 Y99.864 Z0.400 E28.23916 F800
G1 X95.789 Y99.804 Z0.400 E28.24281 F800
G1 X95.439 Y99.804 Z0.400 E28.26381 F800
G1 X95.429 Y99.814 Z0.400 E28.26466 F800
G1 X95.429 Y99.824 Z0.400 E28.26526 F800
G1 X95.219 Y99.824 Z0.400 E28.27786 F800
G1 X95.159 Y99.854 Z0.400 E28.28189 F800
G1 X95.149 Y99.864 Z0.400 E28.28273 F800
G1 X94.859 Y99.874 Z0.400 E28.30014 F800
G1 X94.719 Y99.894 Z0.400 E28.30863 F800
G1 X94.629 Y99.954 Z0.400 E28.31512 F800
G1 X94.599 Y99.844 Z0.400 E28.32196 F800
G1 X94.499 Y99.884 Z0.400 E28.32842 F800
G1 X94.299 Y99.884 Z0.400 E28.34042 F800
G1 X94.129 Y99.984 Z0.400 E28.35226 F800
G1 X93.989 Y99.934 Z0.400 E28.36118 F800
G1 X93.879 Y100.044 Z0.400 E28.37051 F800
G1 X93.689 Y100.004 Z0.400 E28.38216 F800
G1 X93.699 Y100.134 Z0.400 E28.38998 F800
G1 X93.599 Y100.134 Z0.400 E28.39598 F800
G1 X93.589 Y100.174 Z0.400 E28.39846 F800
G1 X93.469 Y100.144 Z0.400 E28.40588 F800
G1 X93.339 Y100.184 Z0.400 E28.41404 F800
G1 X93.309 Y99.994 Z0.400 E28.42558 F800
G1 X93.479 Y99.774 Z0.400 E28.44226 F800
G1 X93.709 Y99.814 Z0.400 E28.45627 F800
G1 X93.089 Y99.584 Z0.400 E28.49595 F800
G1 X92.709 Y99.524 Z0.400 E28.51903 F800
G1 X92.449 Y99.124 Z0.400 E28.54765 F800
G1 X92.069 Y99.274 Z0.400 E28.57217 F800
G1 X91.769 Y99.414 Z0.400 E28.59203 F800
G1 X91.839 Y99.864 Z0.400 E28.61935 F800
G1 X92.209 Y99.584 Z0.400 E28.64719 F800
G1 X91.879 Y98.934 Z0.400 E28.69093 F800
G1 X92.189 Y98.704 Z0.400 E28.71409 F800
G1 X92.579 Y98.654 Z0.400 E28.73768 F800
G1 X92.889 Y98.754 Z0.400 E28.75723 F800
G1 X93.219 Y98.604 Z0.400 E28.77898 F800
G1 X93.569 Y98.564 Z0.400 E28.80011 F800
G1 X93.839 Y98.504 Z0.400 E28.81671 F800
G1 X93.899 Y98.234 Z0.400 E28.83331 F800
G1 X93.539 Y98.254 Z0.400 E28.85494 F800
G1 X93.449 Y97.954 Z0.400 E28.87373 F800
G1 X93.209 Y98.204 Z0.400 E28.89452 F800
G1 X93.009 Y98.274 Z0.400 E28.90724 F800
G1 X92.699 Y98.124 Z0.400 E28.92790 F800
G1 X92.359 Y98.174 Z0.400 E28.94852 F800
G1 X92.039 Y98.334 Z0.400 E28.96999 F800
G1 X91.669 Y98.494 Z0.400 E28.99417 F800
G1 X91.629 Y98.024 Z0.400 E29.02248 F800
G1 X91.329 Y97.684 Z0.400 E29.04968 F800
G1 X91.179 Y97.944 Z0.400 E29.06769 F800
G1 X91.209 Y98.254 Z0.400 E29.08638 F800
G1 X90.819 Y98.344 Z0.400 E29.11039 F800
G1 X90.849 Y98.524 Z0.400 E29.12134 F800
G1 X90.549 Y97.984 Z0.400 E29.15841 F800
G1 X90.799 Y97.894 Z0.400 E29.17435 F800
G1 X90.069 Y98.474 Z0.400 E29.23029 F800
G1 X91.299 Y99.544 Z0.400 E29.32811 F800
G1 X91.059 Y99.904 Z0.400 E29.35407 F800
G1 X91.459 Y100.154 Z0.400 E29.38237 F800
G1 X93.209 Y100.334 Z0.400 E29.48792 F800
G1 X93.389 Y101.324 Z0.400 E29.54830 F800
G1 X93.559 Y101.544 Z0.400 E29.56498 F800
G1 X93.679 Y101.824 Z0.400 E29.58326 F800
G1 X93.809 Y101.754 Z0.400 E29.59212 F800
G1 X93.939 Y101.604 Z0.400 E29.60402 F800
G1 X94.069 Y101.604 Z0.400 E29.61182 F800
G1 X93.989 Y101.454 Z0.400 E29.62202 F800
G1 X93.819 Y101.374 Z0.400 E29.63330 F800
G1 X94.209 Y101.414 Z0.400 E29.65682 F800
G1 X94.249 Y101.344 Z0.400 E29.66166 F800
G1 X94.599 Y101.384 Z0.400 E29.68279 F800
G1 X94.619 Y101.234 Z0.400 E29.69187 F800
G1 X94.849 Y101.214 Z0.400 E29.70573 F800
G1 X94.999 Y101.014 Z0.400 E29.72073 F800
G1 X95.279 Y101.094 Z0.400 E29.73820 F800
G1 X95.309 Y100.824 Z0.400 E29.75450 F800
G1 X95.639 Y100.934 Z0.400 E29.77537 F800
G1 X95.649 Y100.984 Z0.400 E29.77843 F800
G1 X95.929 Y100.924 Z0.400 E29.79561 F800
G1 X96.219 Y100.824 Z0.400 E29.81402 F800
G1 X96.569 Y100.734 Z0.400 E29.83570 F800
G1 X96.889 Y100.624 Z0.400 E29.85600 F800
G1 X97.209 Y100.504 Z0.400 E29.87651 F800
G1 X97.479 Y100.404 Z0.400 E29.89378 F800
G1 X97.829 Y100.324 Z0.400 E29.91532 F800
G1 X98.119 Y100.304 Z0.400 E29.93277 F800
G1 X97.669 Y99.244 Z0.400 E30.00186 F800
G1 X97.209 Y99.084 Z0.400 E30.03108 F800
G1 X96.919 Y99.074 Z0.400 E30.04849 F800
G1 X96.569 Y98.934 Z0.400 E30.07111 F800
G1 X96.049 Y98.814 Z0.400 E30.10313 F800
G1 X95.619 Y98.704 Z0.400 E30.12976 F800
G1 X95.339 Y98.604 Z0.400 E30.14760 F800
G1 X95.329 Y98.314 Z0.400 E30.16501 F800
G1 X95.009 Y98.634 Z0.400 E30.19216 F800
G1 X94.779 Y98.654 Z0.400 E30.20601 F800
G1 X94.449 Y98.524 Z0.400 E30.22730 F800
G1 X94.179 Y98.494 Z0.400 E30.24360 F800
G1 X93.859 Y98.994 Z0.400 E30.27921 F800
G1 X94.739 Y99.054 Z0.400 E30.33214 F800
G1 X95.159 Y99.554 Z0.400 E30.37132 F800
G1 X95.099 Y100.224 Z0.400 E30.41168 F800
G1 X95.359 Y101.404 Z0.400 E30.48417 F800
G1 X95.839 Y102.554 Z0.400 E30.55894 F800
G1 X95.119 Y103.224 Z0.400 E30.61795 F800
G1 X94.429 Y103.204 Z0.400 E30.65937 F800
G1 X94.399 Y103.304 Z0.400 E30.66564 F800
G1 X94.409 Y103.624 Z0.400 E30.68485 F800
G1 X94.169 Y103.544 Z0.400 E30.70002 F800
G1 X94.029 Y103.744 Z0.400 E30.71467 F800
G1 X93.909 Y103.794 Z0.400 E30.72247 F800
G1 X93.719 Y104.014 Z0.400 E30.73991 F800
G1 X93.899 Y104.144 Z0.400 E30.75324 F800
G1 X93.489 Y104.224 Z0.400 E30.77830 F800
G1 X93.439 Y104.524 Z0.400 E30.79655 F800
G1 X92.859 Y103.704 Z0.400 E30.85681 F800
G1 X93.019 Y103.314 Z0.400 E30.88210 F800
G1 X92.759 Y103.114 Z0.400 E30.90179 F800
G1 X92.519 Y103.334 Z0.400 E30.92132 F800
G1 X93.119 Y102.984 Z0.400 E30.96300 F800
G1 X93.509 Y103.014 Z0.400 E30.98647 F800
G1 X93.849 Y102.914 Z0.400 E31.00773 F800
G1 X93.269 Y102.144 Z0.400 E31.06557 F800
G1 X93.139 Y102.204 Z0.400 E31.07416 F800
G1 X92.879 Y102.364 Z0.400 E31.09248 F800
G1 X93.409 Y102.024 Z0.400 E31.13026 F800
G1 X93.479 Y101.914 Z0.400 E31.13808 F800
G1 X93.609 Y101.964 Z0.400 E31.14644 F800
G1 X93.219 Y101.704 Z0.400 E31.17456 F800
G1 X93.059 Y97.724 Z0.400 E31.41356 F800
G1 X92.729 Y97.534 Z0.400 E31.43640 F800
G1 X92.519 Y97.624 Z0.400 E31.45011 F800
G1 X92.409 Y97.274 Z0.400 E31.47212 F800
G1 X92.139 Y97.404 Z0.400 E31.49010 F800
G1 X92.119 Y97.844 Z0.400 E31.51653 F800
G1 X91.669 Y97.324 Z0.400 E31.55779 F800
G1 X91.379 Y96.374 Z0.400 E31.61739 F800
G1 X91.459 Y96.054 Z0.400 E31.63718 F800
G1 X91.779 Y96.184 Z0.400 E31.65790 F800
G1 X91.839 Y95.914 Z0.400 E31.67450 F800
G1 X92.139 Y95.624 Z0.400 E31.69953 F800
G1 X92.389 Y95.394 Z0.400 E31.71992 F800
G1 X92.329 Y95.994 Z0.400 E31.75610 F800
G1 X92.229 Y96.434 Z0.400 E31.78317 F800
G1 X92.829 Y95.944 Z0.400 E31.82965 F800
G1 X91.349 Y95.664 Z0.400 E31.92002 F800
G1 X90.709 Y96.054 Z0.400 E31.96499 F800
G1 X91.919 Y94.014 Z0.400 E32.10730 F800
G1 X91.999 Y93.694 Z0.400 E32.12709 F800
G1 X93.599 Y92.134 Z0.400 E32.26117 F800
G1 X93.729 Y91.964 Z0.400 E32.27401 F800
G1 X94.279 Y92.124 Z0.400 E32.30838 F800
G1 X94.539 Y92.154 Z0.400 E32.32408 F800
G1 X94.419 Y92.474 Z0.400 E32.34459 F800
G1 X94.119 Y92.414 Z0.400 E32.36295 F800
G1 X94.079 Y92.714 Z0.400 E32.38111 F800
G1 X94.429 Y92.874 Z0.400 E32.40420 F800
G1 X94.659 Y92.674 Z0.400 E32.42248 F800
G1 X94.829 Y92.544 Z0.400 E32.43532 F800
G1 X95.069 Y92.424 Z0.400 E32.45142 F800
G1 X95.379 Y92.514 Z0.400 E32.47079 F800
G1 X95.589 Y92.314 Z0.400 E32.48819 F800
G1 X95.829 Y92.764 Z0.400 E32.51879 F800
G1 X96.049 Y92.674 Z0.400 E32.53305 F800
G1 X96.059 Y92.854 Z0.400 E32.54387 F800
G1 X96.259 Y92.914 Z0.400 E32.55640 F800
G1 X96.129 Y93.094 Z0.400 E32.56972 F800
G1 X95.989 Y93.164 Z0.400 E32.57911 F800
G1 X96.279 Y93.354 Z0.400 E32.59991 F800
G1 X96.379 Y93.634 Z0.400 E32.61775 F800
G1 X96.399 Y93.924 Z0.400 E32.63520 F800
G1 X96.469 Y94.314 Z0.400 E32.65897 F800
G1 X96.269 Y94.364 Z0.400 E32.67134 F800
G1 X96.149 Y94.554 Z0.400 E32.68482 F800
G1 X96.139 Y94.554 Z0.400 E32.68542 F800
G1 X96.139 Y94.564 Z0.400 E32.68602 F800
G1 X96.139 Y94.574 Z0.400 E32.68662 F800
G1 X96.149 Y94.574 Z0.400 E32.68722 F800
G1 X96.149 Y94.584 Z0.400 E32.68782 F800
G1 X96.139 Y94.584 Z0.400 E32.68842 F800
G1 X96.139 Y94.594 Z0.400 E32.68902 F800
G1 X96.139 Y94.604 Z0.400 E32.68962 F800
G1 X96.139 Y94.614 Z0.400 E32.69022 F800
G1 X96.149 Y94.604 Z0.400 E32.69107 F800
G1 X96.149 Y94.594 Z0.400 E32.69167 F800
G1 X96.159 Y94.604 Z0.400 E32.69252 F800
G1 X96.169 Y94.604 Z0.400 E32.69312 F800
G1 X96.169 Y94.614 Z0.400 E32.69372 F800
G1 X96.179 Y94.594 Z0.400 E32.69506 F800
G1 X96.129 Y94.594 Z0.400 E32.69806 F800
G1 X96.119 Y94.594 Z0.400 E32.69866 F800
G1 X96.119 Y94.584 Z0.400 E32.69926 F800
G1 X96.129 Y94.584 Z0.400 E32.69986 F800
G1 X96.129 Y94.574 Z0.400 E32.70046 F800
G1 X96.119 Y94.574 Z0.400 E32.70106 F800
G1 X96.119 Y94.564 Z0.400 E32.70166 F800
G1 X96.129 Y94.564 Z0.400 E32.70226 F800
G1 X96.129 Y94.554 Z0.400 E32.70286 F800
G1 X96.129 Y94.544 Z0.400 E32.70346 F800
G1 X96.109 Y94.564 Z0.400 E32.70516 F800
G1 X96.099 Y94.564 Z0.400 E32.70576 F800
G1 X96.089 Y94.564 Z0.400 E32.70636 F800
G1 X96.079 Y94.564 Z0.400 E32.70696 F800
G1 X96.089 Y94.574 Z0.400 E32.70781 F800
G1 X96.099 Y94.584 Z0.400 E32.70865 F800
G1 X96.099 Y94.594 Z0.400 E32.70925 F800
G1 X96.109 Y94.594 Z0.400 E32.70985 F800
G1 X96.109 Y94.584 Z0.400 E32.71045 F800
G1 X96.109 Y94.574 Z0.400 E32.71105 F800
G1 X96.099 Y94.544 Z0.400 E32.71295 F800
G1 X96.129 Y94.604 Z0.400 E32.71698 F800
G1 X96.099 Y94.614 Z0.400 E32.71887 F800
G1 X96.109 Y94.654 Z0.400 E32.72135 F800
G1 X96.119 Y94.684 Z0.400 E32.72325 F800
G1 X96.149 Y94.634 Z0.400 E32.72674 F800
G1 X96.169 Y94.644 Z0.400 E32.72809 F800
G1 X96.209 Y94.644 Z0.400 E32.73049 F800
G1 X96.219 Y94.664 Z0.400 E32.73183 F800
G1 X96.299 Y94.694 Z0.400 E32.73695 F800
G1 X96.309 Y94.694 Z0.400 E32.73755 F800
G1 X96.309 Y94.704 Z0.400 E32.73815 F800
G1 X96.309 Y94.714 Z0.400 E32.73875 F800
G1 X96.319 Y94.714 Z0.400 E32.73935 F800
G1 X96.319 Y94.704 Z0.400 E32.73995 F800
G1 X96.329 Y94.694 Z0.400 E32.74080 F800
G1 X96.339 Y94.704 Z0.400 E32.74165 F800
G1 X96.339 Y94.714 Z0.400 E32.74225 F800
G1 X96.329 Y94.714 Z0.400 E32.74285 F800
G1 X96.329 Y94.724 Z0.400 E32.74345 F800
G1 X96.329 Y94.734 Z0.400 E32.74405 F800
G1 X96.339 Y94.734 Z0.400 E32.74465 F800
G1 X96.349 Y94.724 Z0.400 E32.74550 F800
G1 X96.309 Y94.724 Z0.400 E32.74790 F800
G1 X96.279 Y94.744 Z0.400 E32.75006 F800
G1 X96.309 Y94.774 Z0.400 E32.75261 F800
G1 X96.319 Y94.774 Z0.400 E32.75321 F800
G1 X96.379 Y94.794 Z0.400 E32.75700 F800
G1 X96.409 Y94.804 Z0.400 E32.75890 F800
G1 X96.329 Y94.674 Z0.400 E32.76806 F800
G1 X96.559 Y94.704 Z0.400 E32.78198 F800
G1 X96.579 Y94.574 Z0.400 E32.78987 F800
G1 X96.709 Y94.854 Z0.400 E32.80839 F800
G1 X96.699 Y94.984 Z0.400 E32.81621 F800
G1 X96.669 Y94.984 Z0.400 E32.81801 F800
G1 X96.779 Y95.204 Z0.400 E32.83277 F800
G1 X96.889 Y95.224 Z0.400 E32.83948 F800
G1 X96.879 Y95.154 Z0.400 E32.84372 F800
G1 X96.869 Y95.444 Z0.400 E32.86113 F800
G1 X97.029 Y95.454 Z0.400 E32.87075 F800
G1 X97.029 Y95.464 Z0.400 E32.87135 F800
G1 X97.029 Y95.474 Z0.400 E32.87195 F800
G1 X97.029 Y95.484 Z0.400 E32.87255 F800
G1 X97.039 Y95.494 Z0.400 E32.87340 F800
G1 X97.059 Y95.494 Z0.400 E32.87460 F800
G1 X97.059 Y95.484 Z0.400 E32.87520 F800
G1 X97.049 Y95.474 Z0.400 E32.87605 F800
G1 X97.059 Y95.454 Z0.400 E32.87739 F800
G1 X97.069 Y95.454 Z0.400 E32.87799 F800
G1 X97.049 Y95.424 Z0.400 E32.88015 F800
G1 X97.019 Y95.514 Z0.400 E32.88585 F800
G1 X97.129 Y95.624 Z0.400 E32.89518 F800
G1 X97.159 Y95.374 Z0.400 E32.91029 F800
G1 X96.989 Y95.884 Z0.400 E32.94254 F800
G1 X96.609 Y96.204 Z0.400 E32.97235 F800
G1 X95.879 Y96.764 Z0.400 E33.02755 F800
G1 X96.039 Y94.614 Z0.400 E33.15691 F800
G1 X95.959 Y94.484 Z0.400 E33.16607 F800
G1 X96.049 Y94.434 Z0.400 E33.17225 F800
G1 X95.889 Y94.364 Z0.400 E33.18272 F800
G1 X95.889 Y94.354 Z0.400 E33.18332 F800
G1 X95.889 Y94.334 Z0.400 E33.18452 F800
G1 X95.839 Y94.334 Z0.400 E33.18752 F800
G1 X95.829 Y94.334 Z0.400 E33.18812 F800
G1 X95.809 Y94.324 Z0.400 E33.18947 F800
G1 X95.799 Y94.324 Z0.400 E33.19007 F800
G1 X95.809 Y94.314 Z0.400 E33.19091 F800
G1 X95.789 Y94.344 Z0.400 E33.19308 F800
G1 X95.819 Y94.354 Z0.400 E33.19497 F800
G1 X95.719 Y94.254 Z0.400 E33.20346 F800
G1 X95.659 Y94.224 Z0.400 E33.20748 F800
G1 X95.629 Y94.164 Z0.400 E33.21151 F800
G1 X95.599 Y94.174 Z0.400 E33.21341 F800
G1 X95.569 Y94.154 Z0.400 E33.21557 F800
G1 X95.559 Y94.144 Z0.400 E33.21642 F800
G1 X95.559 Y94.114 Z0.400 E33.21822 F800
G1 X95.579 Y94.104 Z0.400 E33.21956 F800
G1 X95.419 Y93.984 Z0.400 E33.23156 F800
G1 X95.339 Y94.054 Z0.400 E33.23794 F800
G1 X95.299 Y93.924 Z0.400 E33.24610 F800
G1 X95.259 Y93.904 Z0.400 E33.24878 F800
G1 X95.139 Y93.784 Z0.400 E33.25896 F800
G1 X95.089 Y93.734 Z0.400 E33.26321 F800
G1 X95.019 Y93.694 Z0.400 E33.26804 F800
G1 X94.779 Y93.654 Z0.400 E33.28264 F800
G1 X94.939 Y93.324 Z0.400 E33.30465 F800
G1 X95.119 Y93.324 Z0.400 E33.31545 F800
G1 X95.219 Y93.454 Z0.400 E33.32529 F800
G1 X95.349 Y93.374 Z0.400 E33.33445 F800
G1 X95.499 Y93.404 Z0.400 E33.34363 F800
G1 X95.549 Y93.454 Z0.400 E33.34787 F800
G1 X95.579 Y93.554 Z0.400 E33.35413 F800
G1 X95.779 Y93.704 Z0.400 E33.36913 F800
G1 X95.959 Y93.904 Z0.400 E33.38528 F800
G1 X96.089 Y94.174 Z0.400 E33.40326 F800
G1 X95.569 Y93.014 Z0.400 E33.47953 F800
G1 X95.209 Y92.894 Z0.400 E33.50230 F800
G1 X95.079 Y92.774 Z0.400 E33.51291 F800
G1 X94.779 Y93.224 Z0.400 E33.54536 F800
G1 X96.529 Y92.594 Z0.400 E33.65696 F800
G1 X96.739 Y92.664 Z0.400 E33.67024 F800
G1 X96.769 Y92.694 Z0.400 E33.67279 F800
G1 X96.739 Y92.744 Z0.400 E33.67629 F800
G1 X96.929 Y92.974 Z0.400 E33.69419 F800
G1 X96.969 Y93.104 Z0.400 E33.70235 F800
G1 X97.079 Y93.214 Z0.400 E33.71168 F800
G1 X97.109 Y93.264 Z0.400 E33.71518 F800
G1 X97.139 Y93.304 Z0.400 E33.71818 F800
G1 X97.109 Y93.324 Z0.400 E33.72034 F800
G1 X97.139 Y93.184 Z0.400 E33.72893 F800
G1 X98.459 Y91.954 Z0.400 E33.83719 F800
G1 X98.769 Y91.814 Z0.400 E33.85760 F800
G1 X98.959 Y92.014 Z0.400 E33.87415 F800
G1 X99.099 Y92.164 Z0.400 E33.88646 F800
G1 X99.159 Y92.374 Z0.400 E33.89956 F800
G1 X99.219 Y92.554 Z0.400 E33.91095 F800
G1 X99.259 Y92.874 Z0.400 E33.93030 F800
G1 X99.369 Y93.244 Z0.400 E33.95346 F800
G1 X99.519 Y93.514 Z0.400 E33.97199 F800
G1 X99.409 Y93.704 Z0.400 E33.98516 F800
G1 X99.649 Y93.064 Z0.400 E34.02617 F800
G1 X99.719 Y92.734 Z0.400 E34.04641 F800
G1 X99.759 Y92.424 Z0.400 E34.06517 F800
G1 X99.899 Y92.334 Z0.400 E34.07515 F800
G1 X99.669 Y92.114 Z0.400 E34.09425 F800
G1 X99.959 Y92.014 Z0.400 E34.11266 F800
G1 X99.909 Y91.854 Z0.400 E34.12271 F800
G1 X99.899 Y91.674 Z0.400 E34.13353 F800
G1 X99.779 Y91.714 Z0.400 E34.14112 F800
G1 X99.349 Y91.784 Z0.400 E34.16726 F800
G1 X98.559 Y91.584 Z0.400 E34.21616 F800
G1 X95.769 Y90.764 Z0.400 E34.39064 F800
G1 X102.739 Y96.914 Z0.400 E34.94836 F800
G1 X102.759 Y96.914 Z0.400 E34.94956 F800
G1 X102.989 Y96.744 Z0.400 E34.96672 F800
G1 X102.999 Y96.724 Z0.400 E34.96806 F800
G1 X102.989 Y96.694 Z0.400 E34.96996 F800
G1 X102.979 Y96.664 Z0.400 E34.97185 F800
G1 X102.989 Y96.654 Z0.400 E34.97270 F800
G1 X103.169 Y96.454 Z0.400 E34.98885 F800
G1 X103.379 Y96.474 Z0.400 E35.00150 F800
G1 X102.549 Y97.174 Z0.400 E35.06665 F800
G1 X102.269 Y97.454 Z0.400 E35.09041 F800
G1 X102.049 Y97.664 Z0.400 E35.10866 F800
G1 X101.839 Y97.864 Z0.400 E35.12606 F800
G1 X101.569 Y98.094 Z0.400 E35.14734 F800
G1 X101.389 Y98.304 Z0.400 E35.16393 F800
G1 X101.379 Y98.354 Z0.400 E35.16699 F800
G1 X101.149 Y98.594 Z0.400 E35.18694 F800
G1 X101.469 Y100.694 Z0.400 E35.31439 F800
G1 X101.789 Y100.944 Z0.400 E35.33876 F800
G1 X102.239 Y101.194 Z0.400 E35.36964 F800
G1 X102.589 Y101.384 Z0.400 E35.39354 F800
G1 X103.009 Y101.624 Z0.400 E35.42256 F800
G1 X103.359 Y101.844 Z0.400 E35.44737 F800
G1 X103.669 Y101.974 Z0.400 E35.46754 F800
G1 X103.929 Y102.184 Z0.400 E35.48759 F800
G1 X104.169 Y102.124 Z0.400 E35.50243 F800
G1 X104.399 Y101.604 Z0.400 E35.53655 F800
G1 X104.439 Y97.994 Z0.400 E35.75316 F800
G1 X104.409 Y97.884 Z0.400 E35.76000 F800
G1 X104.739 Y97.834 Z0.400 E35.78003 F800
G1 X105.009 Y97.734 Z0.400 E35.79730 F800
G1 X105.279 Y97.584 Z0.400 E35.81583 F800
G1 X105.299 Y97.424 Z0.400 E35.82551 F800
G1 X105.529 Y97.334 Z0.400 E35.84033 F800
G1 X105.569 Y97.544 Z0.400 E35.85315 F800
G1 X105.809 Y97.504 Z0.400 E35.86775 F800
G1 X105.949 Y97.274 Z0.400 E35.88391 F800
G1 X105.699 Y97.154 Z0.400 E35.90055 F800
G1 X105.819 Y96.984 Z0.400 E35.91303 F800
G1 X106.009 Y96.854 Z0.400 E35.92685 F800
G1 X106.209 Y96.724 Z0.400 E35.94116 F800
G1 X106.329 Y96.564 Z0.400 E35.95316 F800
G1 X106.519 Y96.454 Z0.400 E35.96633 F800
G1 X106.759 Y96.264 Z0.400 E35.98470 F800
G1 X106.929 Y96.044 Z0.400 E36.00138 F800
G1 X107.209 Y96.284 Z0.400 E36.02351 F800
G1 X107.339 Y96.064 Z0.400 E36.03884 F800
G1 X107.709 Y96.284 Z0.400 E36.06467 F800
G1 X107.719 Y96.544 Z0.400 E36.08028 F800
G1 X107.599 Y96.534 Z0.400 E36.08750 F800
G1 X107.369 Y96.844 Z0.400 E36.11066 F800
G1 X107.089 Y96.554 Z0.400 E36.13485 F800
G1 X107.009 Y96.454 Z0.400 E36.14253 F800
G1 X106.949 Y96.704 Z0.400 E36.15796 F800
G1 X106.859 Y96.824 Z0.400 E36.16696 F800
G1 X106.629 Y96.944 Z0.400 E36.18252 F800
G1 X106.289 Y97.074 Z0.400 E36.20436 F800
G1 X106.269 Y97.514 Z0.400 E36.23079 F800
G1 X106.639 Y97.464 Z0.400 E36.25319 F800
G1 X106.969 Y97.534 Z0.400 E36.27343 F800
G1 X107.139 Y97.274 Z0.400 E36.29207 F800
G1 X107.379 Y97.424 Z0.400 E36.30905 F800
G1 X107.599 Y97.304 Z0.400 E36.32409 F800
G1 X107.969 Y96.954 Z0.400 E36.35465 F800
G1 X108.059 Y96.504 Z0.400 E36.38218 F800
G1 X108.219 Y96.114 Z0.400 E36.40748 F800
G1 X108.219 Y95.704 Z0.400 E36.43208 F800
G1 X108.499 Y95.794 Z0.400 E36.44972 F800
G1 X108.649 Y95.164 Z0.400 E36.48858 F800
G1 X107.929 Y95.424 Z0.400 E36.53451 F800
G1 X107.849 Y95.854 Z0.400 E36.56075 F800
G1 X108.819 Y97.584 Z0.400 E36.67976 F800
G1 X108.959 Y97.814 Z0.400 E36.69591 F800
G1 X109.169 Y98.104 Z0.400 E36.71739 F800
G1 X108.879 Y98.184 Z0.400 E36.73544 F800
G1 X108.569 Y97.944 Z0.400 E36.75897 F800
G1 X108.419 Y98.244 Z0.400 E36.77909 F800
G1 X108.179 Y98.444 Z0.400 E36.79784 F800
G1 X108.259 Y98.514 Z0.400 E36.80421 F800
G1 X108.659 Y98.614 Z0.400 E36.82895 F800
G1 X108.449 Y98.904 Z0.400 E36.85044 F800
G1 X107.859 Y98.794 Z0.400 E36.88645 F800
G1 X109.539 Y97.484 Z0.400 E37.01427 F800
G1 X103.369 Y105.884 Z0.400 E37.63962 F800
G1 X103.329 Y105.924 Z0.400 E37.64301 F800
G1 X103.499 Y106.034 Z0.400 E37.65516 F800
G1 X103.629 Y106.144 Z0.400 E37.66538 F800
G1 X103.599 Y106.204 Z0.400 E37.66941 F800
G1 X103.769 Y106.284 Z0.400 E37.68068 F800
G1 X103.889 Y106.424 Z0.400 E37.69174 F800
G1 X104.119 Y106.654 Z0.400 E37.71126 F800
G1 X103.449 Y107.654 Z0.400 E37.78348 F800
G1 X103.659 Y107.834 Z0.400 E37.80008 F800
G1 X104.949 Y108.434 Z0.400 E37.88544 F800
G1 X105.219 Y108.184 Z0.400 E37.90752 F800
G1 X102.789 Y109.264 Z0.400 E38.06707 F800
G1 X102.799 Y105.694 Z0.400 E38.28127 F800
G1 X102.529 Y105.644 Z0.400 E38.29774 F800
G1 X102.519 Y105.374 Z0.400 E38.31395 F800
G1 X102.639 Y105.394 Z0.400 E38.32125 F800
G1 X97.949 Y106.124 Z0.400 E38.60604 F800
G1 X97.839 Y105.934 Z0.400 E38.61921 F800
G1 X97.639 Y106.224 Z0.400 E38.64035 F800
G1 X97.859 Y106.474 Z0.400 E38.66033 F800
G1 X97.889 Y106.614 Z0.400 E38.66892 F800
G1 X97.729 Y106.844 Z0.400 E38.68573 F800
G1 X97.379 Y106.494 Z0.400 E38.71543 F800
G1 X98.079 Y108.004 Z0.400 E38.81529 F800
G1 X97.909 Y108.454 Z0.400 E38.84416 F800
G1 X97.819 Y108.824 Z0.400 E38.86700 F800
G1 X98.079 Y108.804 Z0.400 E38.88265 F800
G1 X97.539 Y108.564 Z0.400 E38.91811 F800
G1 X97.439 Y108.924 Z0.400 E38.94052 F800
G1 X97.689 Y109.564 Z0.400 E38.98175 F800
G1 X97.989 Y109.554 Z0.400 E38.99976 F800
G1 X97.609 Y108.144 Z0.400 E39.08738 F800
G1 X95.619 Y108.824 Z0.400 E39.21356 F800
G1 X95.339 Y108.744 Z0.400 E39.23103 F800


G92 E0
G1 E-1 F1800 ; retract
G1 Z5 F3000 ; move Z up
M104 S0 ; turn off extruder
M140 S0 ; turn off bed
M107 ; turn off fan
G28 X0 Y0 ; home XY axes
M84 ; disable motors
; End of print